customer_id,first_name,last_name,gender,age,email,phone,city,state,registration_date,membership_type
CUST00001,Meera,Patel,Female,33,meera.patel1@gmail.com,9321819600,Mumbai,Maharashtra,1/29/2025,Silver
CUST00002,Diya,Gupta,Male,63,diya.gupta2@gmail.com,9863794026,Mumbai,Maharashtra,7/28/2024,Gold
CUST00003,Anaya,Singh,Female,24,anaya.singh3@gmail.com,9161559407,Bengaluru,Karnataka,2/20/2025,Platinum
CUST00004,Vivaan,Kulkarni,Female,58,vivaan.kulkarni4@gmail.com,9959310341,Pune,Maharashtra,7/19/2024,Silver
CUST00005,Arjun,Patel,Female,58,arjun.patel5@gmail.com,9525534192,Ahmedabad,Gujarat,10/12/2023,Platinum
CUST00006,Rahul,Gupta,Female,35,rahul.gupta6@gmail.com,9835030564,Hyderabad,Telangana,4/18/2024,Silver
CUST00007,Diya,Das,Female,43,diya.das7@gmail.com,9724238849,Chennai,Tamil Nadu,8/6/2023,Gold
CUST00008,Sneha,Das,Male,26,sneha.das8@gmail.com,9871012269,Ahmedabad,Gujarat,1/6/2024,Silver
CUST00009,Riya,Kulkarni,Female,53,riya.kulkarni9@gmail.com,9018451462,Jaipur,Rajasthan,6/25/2024,Gold
CUST00010,Aarav,Verma,Male,58,aarav.verma10@gmail.com,9489325288,Hyderabad,Telangana,6/3/2024,Silver
CUST00011,Ishaan,Joshi,Male,41,ishaan.joshi11@gmail.com,9430391171,Jaipur,Rajasthan,1/20/2023,Platinum
CUST00012,Priya,Singh,Female,53,priya.singh12@gmail.com,9248963834,Hyderabad,Telangana,11/6/2024,Gold
CUST00013,Meera,Joshi,Female,25,meera.joshi13@gmail.com,9331509839,Jaipur,Rajasthan,6/13/2024,Silver
CUST00014,Aarav,Patel,Male,20,aarav.patel14@gmail.com,9518347382,Mumbai,Maharashtra,8/23/2023,Platinum
CUST00015,Sneha,Das,Female,44,sneha.das15@gmail.com,9311656670,Jaipur,Rajasthan,9/6/2023,Platinum
CUST00016,Meera,Patel,Female,24,meera.patel16@gmail.com,9333872624,Mumbai,Maharashtra,2/17/2024,Gold
CUST00017,Diya,Patel,Male,21,diya.patel17@gmail.com,9801326773,Jaipur,Rajasthan,4/7/2025,Gold
CUST00018,Sneha,Sharma,Male,42,sneha.sharma18@gmail.com,9474687234,Hyderabad,Telangana,1/24/2024,Silver
CUST00019,Aarav,Das,Female,21,aarav.das19@gmail.com,9097882081,Mumbai,Maharashtra,2/4/2025,Silver
CUST00020,Vivaan,Das,Male,43,vivaan.das20@gmail.com,9193990916,Pune,Maharashtra,11/22/2024,Platinum
CUST00021,Ishaan,Das,Male,60,ishaan.das21@gmail.com,9534624751,Chennai,Tamil Nadu,9/25/2023,Silver
CUST00022,Karan,Das,Male,50,karan.das22@gmail.com,9425135427,Pune,Maharashtra,3/17/2023,Platinum
CUST00023,Rahul,Verma,Female,60,rahul.verma23@gmail.com,9124118244,Mumbai,Maharashtra,11/14/2024,Platinum
CUST00024,Diya,Joshi,Female,50,diya.joshi24@gmail.com,9740164005,Bengaluru,Karnataka,12/4/2024,Silver
CUST00025,Meera,Verma,Female,53,meera.verma25@gmail.com,9680112805,Hyderabad,Telangana,1/29/2025,Platinum
CUST00026,Neha,Singh,Male,37,neha.singh26@gmail.com,9505331586,Ahmedabad,Gujarat,5/11/2023,Platinum
CUST00027,Rahul,Singh,Male,29,rahul.singh27@gmail.com,9602563421,Bengaluru,Karnataka,6/4/2025,Gold
CUST00028,Arjun,Sharma,Male,47,arjun.sharma28@gmail.com,9543303654,Jaipur,Rajasthan,8/16/2023,Silver
CUST00029,Priya,Verma,Female,61,priya.verma29@gmail.com,9850142940,Chennai,Tamil Nadu,10/18/2024,Silver
CUST00030,Ishaan,Kulkarni,Female,45,ishaan.kulkarni30@gmail.com,9981693406,Chennai,Tamil Nadu,1/16/2025,Silver
CUST00031,Neha,Nair,Female,22,neha.nair31@gmail.com,9595148465,Bengaluru,Karnataka,1/8/2024,Gold
CUST00032,Rahul,Verma,Female,60,rahul.verma32@gmail.com,9629946804,Hyderabad,Telangana,7/16/2023,Gold
CUST00033,Diya,Kulkarni,Female,46,diya.kulkarni33@gmail.com,9387214895,Chennai,Tamil Nadu,4/21/2024,Silver
CUST00034,Arjun,Gupta,Male,27,arjun.gupta34@gmail.com,9003791769,Delhi,Delhi,8/19/2023,Silver
CUST00035,Rahul,Kulkarni,Male,27,rahul.kulkarni35@gmail.com,9016328708,Jaipur,Rajasthan,2/14/2024,Silver
CUST00036,Sneha,Patel,Female,60,sneha.patel36@gmail.com,9889579868,Jaipur,Rajasthan,5/17/2023,Gold
CUST00037,Sneha,Singh,Female,33,sneha.singh37@gmail.com,9487347143,Jaipur,Rajasthan,4/5/2024,Gold
CUST00038,Ved,Joshi,Male,32,ved.joshi38@gmail.com,9623166587,Pune,Maharashtra,5/22/2023,Gold
CUST00039,Aarav,Gupta,Male,54,aarav.gupta39@gmail.com,9670546688,Ahmedabad,Gujarat,2/3/2024,Platinum
CUST00040,Sneha,Gupta,Female,45,sneha.gupta40@gmail.com,9706562729,Jaipur,Rajasthan,8/13/2023,Platinum
CUST00041,Aarav,Kulkarni,Female,26,aarav.kulkarni41@gmail.com,9720465375,Mumbai,Maharashtra,3/27/2023,Gold
CUST00042,Priya,Kulkarni,Female,34,priya.kulkarni42@gmail.com,9170805310,Delhi,Delhi,2/9/2025,Silver
CUST00043,Diya,Gupta,Male,33,diya.gupta43@gmail.com,9271937452,Mumbai,Maharashtra,9/28/2024,Platinum
CUST00044,Ishaan,Patel,Male,55,ishaan.patel44@gmail.com,9049663193,Hyderabad,Telangana,11/15/2023,Silver
CUST00045,Rahul,Verma,Male,40,rahul.verma45@gmail.com,9865185067,Pune,Maharashtra,3/26/2025,Silver
CUST00046,Riya,Joshi,Male,45,riya.joshi46@gmail.com,9284987769,Jaipur,Rajasthan,12/25/2024,Gold
CUST00047,Ved,Gupta,Female,33,ved.gupta47@gmail.com,9799650752,Pune,Maharashtra,10/13/2023,Gold
CUST00048,Diya,Joshi,Female,56,diya.joshi48@gmail.com,9480831367,Delhi,Delhi,12/15/2023,Platinum
CUST00049,Priya,Gupta,Female,46,priya.gupta49@gmail.com,9014363495,Jaipur,Rajasthan,10/23/2024,Gold
CUST00050,Neha,Nair,Female,40,neha.nair50@gmail.com,9744431351,Chennai,Tamil Nadu,3/11/2024,Platinum
CUST00051,Neha,Singh,Female,35,neha.singh51@gmail.com,9989413435,Bengaluru,Karnataka,8/10/2023,Silver
CUST00052,Anaya,Sharma,Male,21,anaya.sharma52@gmail.com,9842710947,Hyderabad,Telangana,10/8/2023,Gold
CUST00053,Karan,Joshi,Female,48,karan.joshi53@gmail.com,9116719022,Hyderabad,Telangana,2/22/2023,Platinum
CUST00054,Anaya,Patel,Female,56,anaya.patel54@gmail.com,9993867749,Bengaluru,Karnataka,5/2/2023,Gold
CUST00055,Anaya,Das,Male,31,anaya.das55@gmail.com,9341232812,Mumbai,Maharashtra,9/16/2024,Silver
CUST00056,Riya,Reddy,Male,32,riya.reddy56@gmail.com,9447134936,Jaipur,Rajasthan,10/26/2023,Silver
CUST00057,Neha,Gupta,Male,22,neha.gupta57@gmail.com,9024994717,Hyderabad,Telangana,9/30/2023,Platinum
CUST00058,Anaya,Kulkarni,Female,46,anaya.kulkarni58@gmail.com,9190659401,Delhi,Delhi,5/27/2024,Silver
CUST00059,Meera,Das,Female,54,meera.das59@gmail.com,9027874296,Mumbai,Maharashtra,2/22/2025,Platinum
CUST00060,Arjun,Reddy,Female,44,arjun.reddy60@gmail.com,9551256746,Pune,Maharashtra,4/26/2024,Platinum
CUST00061,Aarav,Reddy,Female,38,aarav.reddy61@gmail.com,9168087603,Pune,Maharashtra,11/19/2023,Platinum
CUST00062,Ved,Das,Female,21,ved.das62@gmail.com,9348247710,Jaipur,Rajasthan,10/2/2024,Platinum
CUST00063,Ishaan,Gupta,Male,53,ishaan.gupta63@gmail.com,9613171274,Hyderabad,Telangana,11/15/2023,Platinum
CUST00064,Rahul,Verma,Female,48,rahul.verma64@gmail.com,9378263982,Ahmedabad,Gujarat,5/4/2025,Silver
CUST00065,Anaya,Kulkarni,Female,18,anaya.kulkarni65@gmail.com,9449972787,Chennai,Tamil Nadu,3/17/2025,Gold
CUST00066,Ved,Nair,Female,30,ved.nair66@gmail.com,9396360576,Ahmedabad,Gujarat,4/11/2024,Gold
CUST00067,Meera,Singh,Male,50,meera.singh67@gmail.com,9951718702,Jaipur,Rajasthan,2/7/2023,Gold
CUST00068,Arjun,Singh,Female,39,arjun.singh68@gmail.com,9961586578,Pune,Maharashtra,4/25/2024,Silver
CUST00069,Ishaan,Patel,Female,32,ishaan.patel69@gmail.com,9161172400,Bengaluru,Karnataka,10/8/2024,Gold
CUST00070,Priya,Sharma,Female,45,priya.sharma70@gmail.com,9238692221,Delhi,Delhi,1/3/2024,Platinum
CUST00071,Arjun,Kulkarni,Male,32,arjun.kulkarni71@gmail.com,9747407482,Bengaluru,Karnataka,5/24/2024,Silver
CUST00072,Karan,Joshi,Female,62,karan.joshi72@gmail.com,9474367136,Delhi,Delhi,10/16/2024,Platinum
CUST00073,Ved,Das,Female,19,ved.das73@gmail.com,9640909743,Delhi,Delhi,12/17/2024,Platinum
CUST00074,Priya,Joshi,Male,57,priya.joshi74@gmail.com,9421047095,Bengaluru,Karnataka,10/13/2024,Platinum
CUST00075,Aditya,Patel,Female,29,aditya.patel75@gmail.com,9328588424,Delhi,Delhi,12/1/2023,Gold
CUST00076,Priya,Verma,Male,47,priya.verma76@gmail.com,9123685160,Chennai,Tamil Nadu,4/3/2025,Gold
CUST00077,Neha,Patel,Female,55,neha.patel77@gmail.com,9651370985,Jaipur,Rajasthan,1/13/2024,Platinum
CUST00078,Diya,Patel,Female,59,diya.patel78@gmail.com,9612004711,Jaipur,Rajasthan,12/18/2024,Silver
CUST00079,Sneha,Nair,Female,41,sneha.nair79@gmail.com,9869261796,Hyderabad,Telangana,2/2/2024,Gold
CUST00080,Aarav,Joshi,Female,33,aarav.joshi80@gmail.com,9515850643,Bengaluru,Karnataka,3/30/2024,Silver
CUST00081,Arjun,Reddy,Male,59,arjun.reddy81@gmail.com,9900532931,Pune,Maharashtra,11/9/2024,Platinum
CUST00082,Diya,Das,Male,39,diya.das82@gmail.com,9290422842,Bengaluru,Karnataka,4/12/2025,Silver
CUST00083,Meera,Sharma,Female,33,meera.sharma83@gmail.com,9950240268,Hyderabad,Telangana,1/16/2023,Silver
CUST00084,Rahul,Patel,Female,50,rahul.patel84@gmail.com,9917839084,Jaipur,Rajasthan,4/4/2024,Gold
CUST00085,Meera,Sharma,Female,45,meera.sharma85@gmail.com,9177115921,Mumbai,Maharashtra,5/5/2024,Silver
CUST00086,Anaya,Das,Female,47,anaya.das86@gmail.com,9896118367,Chennai,Tamil Nadu,1/26/2024,Silver
CUST00087,Riya,Joshi,Female,64,riya.joshi87@gmail.com,9156545271,Jaipur,Rajasthan,2/13/2024,Silver
CUST00088,Arjun,Patel,Male,65,arjun.patel88@gmail.com,9528098851,Pune,Maharashtra,3/18/2024,Gold
CUST00089,Ved,Kulkarni,Female,40,ved.kulkarni89@gmail.com,9198327315,Mumbai,Maharashtra,10/22/2023,Platinum
CUST00090,Ved,Patel,Male,45,ved.patel90@gmail.com,9899809402,Delhi,Delhi,8/10/2024,Gold
CUST00091,Rahul,Verma,Male,29,rahul.verma91@gmail.com,9296120183,Chennai,Tamil Nadu,12/26/2023,Gold
CUST00092,Riya,Reddy,Female,37,riya.reddy92@gmail.com,9599102290,Chennai,Tamil Nadu,6/11/2023,Platinum
CUST00093,Vivaan,Verma,Female,49,vivaan.verma93@gmail.com,9976438156,Jaipur,Rajasthan,11/8/2024,Silver
CUST00094,Anaya,Das,Female,20,anaya.das94@gmail.com,9369003432,Jaipur,Rajasthan,6/23/2024,Gold
CUST00095,Anaya,Joshi,Female,65,anaya.joshi95@gmail.com,9622683885,Pune,Maharashtra,1/8/2023,Silver
CUST00096,Riya,Sharma,Female,22,riya.sharma96@gmail.com,9596966416,Ahmedabad,Gujarat,1/20/2023,Silver
CUST00097,Ved,Singh,Female,23,ved.singh97@gmail.com,9613696816,Jaipur,Rajasthan,5/1/2025,Gold
CUST00098,Rahul,Joshi,Male,22,rahul.joshi98@gmail.com,9818835523,Bengaluru,Karnataka,12/8/2023,Silver
CUST00099,Aditya,Verma,Male,59,aditya.verma99@gmail.com,9127799799,Bengaluru,Karnataka,6/27/2023,Gold
CUST00100,Arjun,Joshi,Male,48,arjun.joshi100@gmail.com,9744905814,Hyderabad,Telangana,3/26/2024,Gold
CUST00101,Karan,Sharma,Female,22,karan.sharma101@gmail.com,9199867980,Mumbai,Maharashtra,1/13/2024,Gold
CUST00102,Sneha,Das,Female,50,sneha.das102@gmail.com,9207151820,Bengaluru,Karnataka,11/26/2023,Silver
CUST00103,Rahul,Reddy,Male,41,rahul.reddy103@gmail.com,9546659051,Jaipur,Rajasthan,6/20/2024,Gold
CUST00104,Vivaan,Nair,Female,64,vivaan.nair104@gmail.com,9925192546,Ahmedabad,Gujarat,10/18/2023,Silver
CUST00105,Ishaan,Patel,Female,59,ishaan.patel105@gmail.com,9528168505,Delhi,Delhi,7/26/2024,Gold
CUST00106,Aditya,Gupta,Female,30,aditya.gupta106@gmail.com,9322141888,Chennai,Tamil Nadu,2/23/2025,Silver
CUST00107,Meera,Joshi,Female,27,meera.joshi107@gmail.com,9229270653,Hyderabad,Telangana,9/3/2024,Gold
CUST00108,Ishaan,Verma,Male,37,ishaan.verma108@gmail.com,9735977468,Jaipur,Rajasthan,8/28/2023,Platinum
CUST00109,Riya,Singh,Male,34,riya.singh109@gmail.com,9075818141,Bengaluru,Karnataka,3/31/2025,Silver
CUST00110,Anaya,Reddy,Female,23,anaya.reddy110@gmail.com,9375060685,Hyderabad,Telangana,4/30/2025,Silver
CUST00111,Riya,Patel,Male,38,riya.patel111@gmail.com,9152204727,Chennai,Tamil Nadu,8/18/2023,Gold
CUST00112,Ishaan,Sharma,Female,31,ishaan.sharma112@gmail.com,9289861434,Pune,Maharashtra,1/20/2023,Silver
CUST00113,Aarav,Gupta,Female,22,aarav.gupta113@gmail.com,9179808932,Ahmedabad,Gujarat,10/16/2024,Gold
CUST00114,Riya,Sharma,Female,29,riya.sharma114@gmail.com,9185188888,Chennai,Tamil Nadu,9/4/2023,Silver
CUST00115,Riya,Reddy,Female,41,riya.reddy115@gmail.com,9405153195,Mumbai,Maharashtra,10/12/2024,Silver
CUST00116,Aarav,Joshi,Male,61,aarav.joshi116@gmail.com,9772217043,Chennai,Tamil Nadu,4/13/2025,Silver
CUST00117,Priya,Gupta,Female,50,priya.gupta117@gmail.com,9687403450,Mumbai,Maharashtra,11/20/2023,Platinum
CUST00118,Ved,Verma,Female,45,ved.verma118@gmail.com,9676527758,Pune,Maharashtra,3/29/2025,Gold
CUST00119,Priya,Patel,Female,56,priya.patel119@gmail.com,9284511544,Ahmedabad,Gujarat,3/22/2023,Gold
CUST00120,Ishaan,Kulkarni,Female,40,ishaan.kulkarni120@gmail.com,9705964016,Hyderabad,Telangana,12/7/2024,Gold
CUST00121,Neha,Singh,Female,20,neha.singh121@gmail.com,9213556909,Mumbai,Maharashtra,5/27/2023,Silver
CUST00122,Meera,Reddy,Female,22,meera.reddy122@gmail.com,9928565431,Chennai,Tamil Nadu,1/16/2024,Silver
CUST00123,Rahul,Singh,Female,53,rahul.singh123@gmail.com,9144739473,Jaipur,Rajasthan,6/14/2024,Silver
CUST00124,Aditya,Patel,Female,23,aditya.patel124@gmail.com,9551884422,Jaipur,Rajasthan,6/26/2023,Gold
CUST00125,Neha,Gupta,Male,33,neha.gupta125@gmail.com,9705895782,Pune,Maharashtra,7/25/2023,Platinum
CUST00126,Sneha,Patel,Female,63,sneha.patel126@gmail.com,9786691251,Pune,Maharashtra,11/13/2023,Gold
CUST00127,Karan,Nair,Male,26,karan.nair127@gmail.com,9680182422,Chennai,Tamil Nadu,5/12/2023,Gold
CUST00128,Sneha,Gupta,Female,23,sneha.gupta128@gmail.com,9438424981,Chennai,Tamil Nadu,6/15/2024,Platinum
CUST00129,Meera,Singh,Female,54,meera.singh129@gmail.com,9001094396,Hyderabad,Telangana,6/25/2023,Platinum
CUST00130,Meera,Sharma,Female,59,meera.sharma130@gmail.com,9473647102,Jaipur,Rajasthan,10/4/2024,Gold
CUST00131,Riya,Reddy,Female,56,riya.reddy131@gmail.com,9255562588,Jaipur,Rajasthan,7/28/2023,Silver
CUST00132,Ved,Gupta,Female,46,ved.gupta132@gmail.com,9321046963,Jaipur,Rajasthan,5/6/2023,Silver
CUST00133,Arjun,Joshi,Male,49,arjun.joshi133@gmail.com,9877470168,Chennai,Tamil Nadu,7/14/2023,Gold
CUST00134,Diya,Gupta,Male,36,diya.gupta134@gmail.com,9797480162,Chennai,Tamil Nadu,2/19/2023,Gold
CUST00135,Rahul,Joshi,Male,43,rahul.joshi135@gmail.com,9098358416,Ahmedabad,Gujarat,1/10/2024,Platinum
CUST00136,Karan,Nair,Male,26,karan.nair136@gmail.com,9165585239,Delhi,Delhi,4/25/2025,Platinum
CUST00137,Riya,Nair,Male,26,riya.nair137@gmail.com,9578729825,Mumbai,Maharashtra,2/16/2023,Platinum
CUST00138,Ved,Singh,Female,55,ved.singh138@gmail.com,9588879470,Ahmedabad,Gujarat,9/23/2024,Gold
CUST00139,Ved,Patel,Female,64,ved.patel139@gmail.com,9097499309,Ahmedabad,Gujarat,8/20/2024,Gold
CUST00140,Aditya,Nair,Male,20,aditya.nair140@gmail.com,9913075626,Ahmedabad,Gujarat,6/1/2023,Platinum
CUST00141,Diya,Kulkarni,Male,63,diya.kulkarni141@gmail.com,9283857865,Jaipur,Rajasthan,6/12/2025,Silver
CUST00142,Karan,Nair,Female,61,karan.nair142@gmail.com,9497334843,Chennai,Tamil Nadu,7/13/2024,Gold
CUST00143,Priya,Verma,Female,38,priya.verma143@gmail.com,9758441986,Bengaluru,Karnataka,12/7/2024,Gold
CUST00144,Arjun,Joshi,Male,36,arjun.joshi144@gmail.com,9157473384,Hyderabad,Telangana,10/25/2023,Platinum
CUST00145,Rahul,Verma,Male,33,rahul.verma145@gmail.com,9083301657,Hyderabad,Telangana,4/22/2023,Silver
CUST00146,Meera,Singh,Male,44,meera.singh146@gmail.com,9773454019,Mumbai,Maharashtra,7/17/2024,Silver
CUST00147,Neha,Sharma,Male,20,neha.sharma147@gmail.com,9672400499,Hyderabad,Telangana,3/3/2024,Silver
CUST00148,Sneha,Joshi,Female,26,sneha.joshi148@gmail.com,9874315274,Delhi,Delhi,4/10/2024,Platinum
CUST00149,Aditya,Sharma,Female,54,aditya.sharma149@gmail.com,9329668516,Chennai,Tamil Nadu,3/20/2025,Platinum
CUST00150,Vivaan,Singh,Female,33,vivaan.singh150@gmail.com,9046374549,Hyderabad,Telangana,5/3/2024,Platinum
CUST00151,Ishaan,Sharma,Female,62,ishaan.sharma151@gmail.com,9301742684,Delhi,Delhi,10/31/2024,Platinum
CUST00152,Vivaan,Verma,Male,32,vivaan.verma152@gmail.com,9272795687,Chennai,Tamil Nadu,9/21/2024,Platinum
CUST00153,Priya,Gupta,Male,51,priya.gupta153@gmail.com,9785191088,Bengaluru,Karnataka,11/27/2024,Silver
CUST00154,Ishaan,Nair,Female,51,ishaan.nair154@gmail.com,9713971870,Hyderabad,Telangana,6/18/2023,Gold
CUST00155,Aditya,Nair,Male,53,aditya.nair155@gmail.com,9740640391,Ahmedabad,Gujarat,4/12/2024,Silver
CUST00156,Riya,Joshi,Male,22,riya.joshi156@gmail.com,9704622656,Pune,Maharashtra,7/8/2024,Gold
CUST00157,Arjun,Kulkarni,Male,59,arjun.kulkarni157@gmail.com,9512868230,Ahmedabad,Gujarat,3/24/2023,Silver
CUST00158,Anaya,Reddy,Female,32,anaya.reddy158@gmail.com,9375243106,Ahmedabad,Gujarat,6/28/2024,Platinum
CUST00159,Priya,Sharma,Male,24,priya.sharma159@gmail.com,9907903067,Bengaluru,Karnataka,7/31/2023,Silver
CUST00160,Neha,Gupta,Female,32,neha.gupta160@gmail.com,9959953428,Mumbai,Maharashtra,5/24/2023,Silver
CUST00161,Riya,Verma,Male,58,riya.verma161@gmail.com,9687056856,Delhi,Delhi,3/4/2023,Gold
CUST00162,Aditya,Verma,Female,33,aditya.verma162@gmail.com,9342708668,Ahmedabad,Gujarat,7/8/2023,Platinum
CUST00163,Aditya,Kulkarni,Male,39,aditya.kulkarni163@gmail.com,9175183046,Bengaluru,Karnataka,9/19/2023,Platinum
CUST00164,Ishaan,Das,Male,30,ishaan.das164@gmail.com,9983735403,Mumbai,Maharashtra,6/13/2025,Silver
CUST00165,Rahul,Patel,Male,43,rahul.patel165@gmail.com,9385467854,Jaipur,Rajasthan,9/6/2023,Gold
CUST00166,Ved,Nair,Male,64,ved.nair166@gmail.com,9753556093,Jaipur,Rajasthan,4/22/2024,Platinum
CUST00167,Aditya,Sharma,Female,36,aditya.sharma167@gmail.com,9235369378,Delhi,Delhi,7/20/2024,Platinum
CUST00168,Meera,Joshi,Female,64,meera.joshi168@gmail.com,9772522872,Delhi,Delhi,2/20/2025,Platinum
CUST00169,Meera,Sharma,Male,60,meera.sharma169@gmail.com,9006231203,Mumbai,Maharashtra,5/9/2025,Platinum
CUST00170,Karan,Joshi,Female,60,karan.joshi170@gmail.com,9700886008,Mumbai,Maharashtra,9/24/2024,Platinum
CUST00171,Anaya,Nair,Female,29,anaya.nair171@gmail.com,9118233984,Delhi,Delhi,1/18/2023,Gold
CUST00172,Anaya,Kulkarni,Female,47,anaya.kulkarni172@gmail.com,9933410166,Pune,Maharashtra,1/18/2024,Gold
CUST00173,Neha,Reddy,Male,62,neha.reddy173@gmail.com,9217659180,Mumbai,Maharashtra,10/14/2024,Silver
CUST00174,Diya,Das,Male,22,diya.das174@gmail.com,9489025039,Jaipur,Rajasthan,10/5/2023,Silver
CUST00175,Priya,Kulkarni,Male,54,priya.kulkarni175@gmail.com,9396856218,Pune,Maharashtra,11/3/2023,Platinum
CUST00176,Ved,Sharma,Male,22,ved.sharma176@gmail.com,9599965047,Pune,Maharashtra,3/23/2024,Gold
CUST00177,Diya,Joshi,Male,61,diya.joshi177@gmail.com,9961943114,Ahmedabad,Gujarat,3/18/2024,Silver
CUST00178,Riya,Singh,Female,24,riya.singh178@gmail.com,9104754121,Ahmedabad,Gujarat,11/21/2023,Silver
CUST00179,Riya,Reddy,Male,23,riya.reddy179@gmail.com,9581995604,Ahmedabad,Gujarat,4/16/2023,Gold
CUST00180,Riya,Patel,Male,61,riya.patel180@gmail.com,9622444721,Bengaluru,Karnataka,8/8/2024,Silver
CUST00181,Riya,Verma,Female,22,riya.verma181@gmail.com,9543799371,Ahmedabad,Gujarat,11/3/2023,Silver
CUST00182,Anaya,Sharma,Female,39,anaya.sharma182@gmail.com,9756924593,Ahmedabad,Gujarat,12/7/2023,Gold
CUST00183,Ved,Singh,Female,65,ved.singh183@gmail.com,9793564651,Ahmedabad,Gujarat,11/23/2023,Platinum
CUST00184,Diya,Das,Male,64,diya.das184@gmail.com,9737416724,Hyderabad,Telangana,11/29/2024,Silver
CUST00185,Anaya,Singh,Female,22,anaya.singh185@gmail.com,9797968868,Ahmedabad,Gujarat,3/19/2025,Silver
CUST00186,Priya,Joshi,Male,60,priya.joshi186@gmail.com,9529096561,Pune,Maharashtra,4/22/2023,Silver
CUST00187,Vivaan,Verma,Male,46,vivaan.verma187@gmail.com,9567982507,Bengaluru,Karnataka,6/6/2024,Silver
CUST00188,Anaya,Kulkarni,Male,40,anaya.kulkarni188@gmail.com,9457387571,Pune,Maharashtra,4/29/2023,Gold
CUST00189,Rahul,Reddy,Female,20,rahul.reddy189@gmail.com,9105123828,Chennai,Tamil Nadu,3/10/2023,Silver
CUST00190,Ved,Nair,Male,43,ved.nair190@gmail.com,9226609379,Ahmedabad,Gujarat,4/18/2024,Gold
CUST00191,Riya,Sharma,Female,63,riya.sharma191@gmail.com,9191825537,Bengaluru,Karnataka,7/30/2023,Silver
CUST00192,Anaya,Reddy,Female,57,anaya.reddy192@gmail.com,9691557924,Chennai,Tamil Nadu,9/3/2024,Platinum
CUST00193,Ishaan,Patel,Male,33,ishaan.patel193@gmail.com,9412528669,Hyderabad,Telangana,11/17/2023,Silver
CUST00194,Ishaan,Kulkarni,Female,58,ishaan.kulkarni194@gmail.com,9828274225,Ahmedabad,Gujarat,7/10/2023,Gold
CUST00195,Ishaan,Sharma,Female,26,ishaan.sharma195@gmail.com,9368876767,Chennai,Tamil Nadu,1/10/2023,Gold
CUST00196,Aditya,Patel,Male,36,aditya.patel196@gmail.com,9043842797,Mumbai,Maharashtra,3/25/2025,Platinum
CUST00197,Neha,Patel,Female,52,neha.patel197@gmail.com,9078361340,Pune,Maharashtra,10/2/2023,Gold
CUST00198,Anaya,Joshi,Male,33,anaya.joshi198@gmail.com,9395962923,Pune,Maharashtra,3/25/2024,Silver
CUST00199,Priya,Sharma,Female,56,priya.sharma199@gmail.com,9825449481,Chennai,Tamil Nadu,6/29/2024,Silver
CUST00200,Priya,Kulkarni,Male,62,priya.kulkarni200@gmail.com,9232536729,Mumbai,Maharashtra,10/11/2023,Platinum
CUST00201,Anaya,Kulkarni,Male,58,anaya.kulkarni201@gmail.com,9168457759,Ahmedabad,Gujarat,4/7/2024,Silver
CUST00202,Arjun,Patel,Female,22,arjun.patel202@gmail.com,9863637454,Jaipur,Rajasthan,10/12/2024,Gold
CUST00203,Neha,Das,Female,39,neha.das203@gmail.com,9001701277,Hyderabad,Telangana,8/2/2024,Silver
CUST00204,Riya,Gupta,Female,28,riya.gupta204@gmail.com,9415415206,Hyderabad,Telangana,10/27/2024,Platinum
CUST00205,Anaya,Gupta,Male,63,anaya.gupta205@gmail.com,9103712938,Ahmedabad,Gujarat,11/2/2024,Platinum
CUST00206,Karan,Sharma,Female,25,karan.sharma206@gmail.com,9627136111,Mumbai,Maharashtra,12/13/2024,Gold
CUST00207,Ved,Verma,Male,59,ved.verma207@gmail.com,9218909275,Hyderabad,Telangana,1/27/2024,Platinum
CUST00208,Diya,Singh,Female,31,diya.singh208@gmail.com,9112196565,Ahmedabad,Gujarat,9/22/2024,Silver
CUST00209,Diya,Verma,Female,62,diya.verma209@gmail.com,9043898364,Pune,Maharashtra,9/12/2023,Platinum
CUST00210,Aarav,Gupta,Male,33,aarav.gupta210@gmail.com,9791805526,Jaipur,Rajasthan,1/31/2024,Platinum
CUST00211,Riya,Joshi,Female,22,riya.joshi211@gmail.com,9091043006,Hyderabad,Telangana,2/20/2025,Platinum
CUST00212,Anaya,Nair,Female,23,anaya.nair212@gmail.com,9889241418,Ahmedabad,Gujarat,3/9/2024,Silver
CUST00213,Priya,Singh,Male,37,priya.singh213@gmail.com,9630316179,Chennai,Tamil Nadu,2/5/2024,Platinum
CUST00214,Aarav,Verma,Male,63,aarav.verma214@gmail.com,9202758842,Hyderabad,Telangana,5/3/2023,Gold
CUST00215,Aditya,Verma,Male,39,aditya.verma215@gmail.com,9648149177,Pune,Maharashtra,2/28/2025,Platinum
CUST00216,Ved,Sharma,Male,41,ved.sharma216@gmail.com,9241913800,Jaipur,Rajasthan,5/29/2025,Silver
CUST00217,Diya,Sharma,Female,27,diya.sharma217@gmail.com,9208635365,Jaipur,Rajasthan,1/8/2024,Gold
CUST00218,Arjun,Patel,Male,29,arjun.patel218@gmail.com,9380617445,Chennai,Tamil Nadu,5/3/2023,Silver
CUST00219,Neha,Reddy,Male,36,neha.reddy219@gmail.com,9949375973,Mumbai,Maharashtra,1/13/2024,Platinum
CUST00220,Sneha,Nair,Male,44,sneha.nair220@gmail.com,9038505064,Bengaluru,Karnataka,6/4/2023,Silver
CUST00221,Diya,Nair,Female,21,diya.nair221@gmail.com,9241038657,Bengaluru,Karnataka,3/5/2024,Platinum
CUST00222,Vivaan,Das,Male,58,vivaan.das222@gmail.com,9619906234,Pune,Maharashtra,6/1/2024,Gold
CUST00223,Arjun,Joshi,Female,38,arjun.joshi223@gmail.com,9743132912,Ahmedabad,Gujarat,12/18/2024,Silver
CUST00224,Aditya,Reddy,Female,25,aditya.reddy224@gmail.com,9853747411,Jaipur,Rajasthan,11/18/2023,Silver
CUST00225,Priya,Verma,Female,27,priya.verma225@gmail.com,9135680442,Mumbai,Maharashtra,8/9/2023,Silver
CUST00226,Riya,Reddy,Female,24,riya.reddy226@gmail.com,9210032365,Bengaluru,Karnataka,4/7/2023,Platinum
CUST00227,Meera,Patel,Male,19,meera.patel227@gmail.com,9137215107,Delhi,Delhi,4/12/2025,Silver
CUST00228,Aditya,Das,Female,49,aditya.das228@gmail.com,9066253244,Ahmedabad,Gujarat,4/21/2025,Gold
CUST00229,Sneha,Singh,Male,59,sneha.singh229@gmail.com,9476870146,Mumbai,Maharashtra,9/20/2024,Silver
CUST00230,Riya,Gupta,Male,42,riya.gupta230@gmail.com,9578759856,Bengaluru,Karnataka,10/7/2024,Gold
CUST00231,Aditya,Sharma,Male,19,aditya.sharma231@gmail.com,9407859321,Chennai,Tamil Nadu,9/3/2024,Silver
CUST00232,Meera,Gupta,Male,32,meera.gupta232@gmail.com,9965223955,Delhi,Delhi,6/30/2024,Platinum
CUST00233,Aarav,Joshi,Male,49,aarav.joshi233@gmail.com,9842701039,Hyderabad,Telangana,7/30/2024,Silver
CUST00234,Aarav,Nair,Female,57,aarav.nair234@gmail.com,9325250029,Jaipur,Rajasthan,1/1/2023,Platinum
CUST00235,Sneha,Singh,Female,22,sneha.singh235@gmail.com,9569154522,Pune,Maharashtra,5/16/2025,Platinum
CUST00236,Riya,Reddy,Female,32,riya.reddy236@gmail.com,9926442209,Chennai,Tamil Nadu,6/28/2023,Gold
CUST00237,Arjun,Das,Female,57,arjun.das237@gmail.com,9391725135,Mumbai,Maharashtra,7/6/2023,Gold
CUST00238,Aditya,Patel,Male,34,aditya.patel238@gmail.com,9331541006,Chennai,Tamil Nadu,4/2/2024,Gold
CUST00239,Rahul,Kulkarni,Female,42,rahul.kulkarni239@gmail.com,9586179327,Hyderabad,Telangana,2/28/2024,Silver
CUST00240,Priya,Sharma,Female,34,priya.sharma240@gmail.com,9115262181,Delhi,Delhi,1/21/2023,Gold
CUST00241,Ishaan,Das,Male,45,ishaan.das241@gmail.com,9296201533,Jaipur,Rajasthan,12/22/2024,Gold
CUST00242,Rahul,Nair,Female,37,rahul.nair242@gmail.com,9310698720,Delhi,Delhi,11/7/2024,Gold
CUST00243,Aarav,Kulkarni,Female,30,aarav.kulkarni243@gmail.com,9103241714,Pune,Maharashtra,10/29/2023,Gold
CUST00244,Karan,Reddy,Female,29,karan.reddy244@gmail.com,9565270477,Delhi,Delhi,4/4/2023,Gold
CUST00245,Diya,Verma,Male,23,diya.verma245@gmail.com,9586938068,Mumbai,Maharashtra,6/4/2023,Gold
CUST00246,Neha,Reddy,Female,23,neha.reddy246@gmail.com,9608989921,Bengaluru,Karnataka,5/2/2024,Gold
CUST00247,Aditya,Singh,Male,26,aditya.singh247@gmail.com,9061632945,Bengaluru,Karnataka,4/7/2025,Platinum
CUST00248,Sneha,Patel,Female,53,sneha.patel248@gmail.com,9548709986,Pune,Maharashtra,2/2/2024,Silver
CUST00249,Riya,Singh,Male,24,riya.singh249@gmail.com,9914856467,Hyderabad,Telangana,8/3/2024,Platinum
CUST00250,Ishaan,Reddy,Female,43,ishaan.reddy250@gmail.com,9299606530,Mumbai,Maharashtra,6/26/2023,Platinum
CUST00251,Karan,Verma,Female,37,karan.verma251@gmail.com,9447132475,Chennai,Tamil Nadu,1/21/2023,Gold
CUST00252,Rahul,Kulkarni,Female,31,rahul.kulkarni252@gmail.com,9678508214,Pune,Maharashtra,7/12/2023,Platinum
CUST00253,Neha,Kulkarni,Male,29,neha.kulkarni253@gmail.com,9330307053,Hyderabad,Telangana,3/10/2025,Gold
CUST00254,Ved,Reddy,Male,61,ved.reddy254@gmail.com,9035797279,Ahmedabad,Gujarat,10/12/2024,Platinum
CUST00255,Ved,Joshi,Female,65,ved.joshi255@gmail.com,9140602933,Hyderabad,Telangana,5/7/2025,Platinum
CUST00256,Diya,Gupta,Female,50,diya.gupta256@gmail.com,9007229034,Delhi,Delhi,10/29/2024,Platinum
CUST00257,Priya,Verma,Female,40,priya.verma257@gmail.com,9743748969,Delhi,Delhi,3/9/2024,Silver
CUST00258,Aarav,Nair,Female,37,aarav.nair258@gmail.com,9171545444,Chennai,Tamil Nadu,7/28/2024,Silver
CUST00259,Aditya,Nair,Female,60,aditya.nair259@gmail.com,9520744666,Bengaluru,Karnataka,2/28/2023,Platinum
CUST00260,Aarav,Das,Male,61,aarav.das260@gmail.com,9875842824,Bengaluru,Karnataka,12/18/2023,Silver
CUST00261,Karan,Singh,Male,61,karan.singh261@gmail.com,9513534655,Delhi,Delhi,1/12/2025,Gold
CUST00262,Ishaan,Verma,Male,48,ishaan.verma262@gmail.com,9099917381,Jaipur,Rajasthan,5/21/2025,Platinum
CUST00263,Riya,Nair,Male,27,riya.nair263@gmail.com,9235697252,Delhi,Delhi,2/28/2024,Silver
CUST00264,Karan,Joshi,Male,18,karan.joshi264@gmail.com,9743292712,Hyderabad,Telangana,11/17/2023,Platinum
CUST00265,Riya,Kulkarni,Female,42,riya.kulkarni265@gmail.com,9008350583,Ahmedabad,Gujarat,3/15/2024,Silver
CUST00266,Meera,Sharma,Female,37,meera.sharma266@gmail.com,9216894210,Bengaluru,Karnataka,8/20/2023,Gold
CUST00267,Anaya,Reddy,Male,39,anaya.reddy267@gmail.com,9753260332,Chennai,Tamil Nadu,3/20/2024,Silver
CUST00268,Rahul,Sharma,Female,63,rahul.sharma268@gmail.com,9064890901,Hyderabad,Telangana,5/7/2023,Platinum
CUST00269,Arjun,Sharma,Male,44,arjun.sharma269@gmail.com,9761847230,Mumbai,Maharashtra,12/7/2024,Gold
CUST00270,Riya,Patel,Male,44,riya.patel270@gmail.com,9189141173,Delhi,Delhi,9/29/2024,Platinum
CUST00271,Diya,Verma,Female,36,diya.verma271@gmail.com,9208737530,Bengaluru,Karnataka,1/2/2024,Silver
CUST00272,Meera,Patel,Female,27,meera.patel272@gmail.com,9181143744,Pune,Maharashtra,5/5/2025,Gold
CUST00273,Aarav,Patel,Male,36,aarav.patel273@gmail.com,9556110022,Hyderabad,Telangana,6/14/2025,Gold
CUST00274,Ved,Reddy,Male,41,ved.reddy274@gmail.com,9521667467,Delhi,Delhi,6/18/2025,Gold
CUST00275,Meera,Singh,Male,28,meera.singh275@gmail.com,9169797296,Pune,Maharashtra,5/16/2023,Gold
CUST00276,Ishaan,Sharma,Female,25,ishaan.sharma276@gmail.com,9670145089,Hyderabad,Telangana,5/9/2024,Platinum
CUST00277,Ishaan,Gupta,Male,45,ishaan.gupta277@gmail.com,9375628900,Chennai,Tamil Nadu,6/15/2024,Platinum
CUST00278,Sneha,Singh,Female,28,sneha.singh278@gmail.com,9175354083,Jaipur,Rajasthan,5/22/2025,Platinum
CUST00279,Meera,Kulkarni,Male,23,meera.kulkarni279@gmail.com,9779717751,Ahmedabad,Gujarat,4/16/2025,Gold
CUST00280,Rahul,Sharma,Female,20,rahul.sharma280@gmail.com,9880199488,Pune,Maharashtra,2/18/2024,Silver
CUST00281,Meera,Reddy,Male,32,meera.reddy281@gmail.com,9758997571,Chennai,Tamil Nadu,1/8/2024,Silver
CUST00282,Priya,Gupta,Female,58,priya.gupta282@gmail.com,9488510272,Mumbai,Maharashtra,12/16/2023,Platinum
CUST00283,Rahul,Kulkarni,Male,30,rahul.kulkarni283@gmail.com,9163735160,Pune,Maharashtra,9/18/2023,Platinum
CUST00284,Arjun,Das,Female,47,arjun.das284@gmail.com,9982708086,Pune,Maharashtra,3/1/2025,Platinum
CUST00285,Karan,Nair,Male,64,karan.nair285@gmail.com,9216995866,Hyderabad,Telangana,12/9/2024,Platinum
CUST00286,Sneha,Gupta,Female,36,sneha.gupta286@gmail.com,9722698485,Delhi,Delhi,2/12/2024,Platinum
CUST00287,Rahul,Nair,Male,57,rahul.nair287@gmail.com,9452288515,Bengaluru,Karnataka,7/25/2023,Platinum
CUST00288,Karan,Das,Female,45,karan.das288@gmail.com,9081062003,Ahmedabad,Gujarat,11/21/2024,Gold
CUST00289,Priya,Singh,Female,27,priya.singh289@gmail.com,9043805719,Delhi,Delhi,11/30/2024,Platinum
CUST00290,Rahul,Nair,Female,33,rahul.nair290@gmail.com,9840666580,Bengaluru,Karnataka,1/30/2025,Silver
CUST00291,Rahul,Verma,Female,32,rahul.verma291@gmail.com,9598933472,Bengaluru,Karnataka,9/27/2024,Platinum
CUST00292,Vivaan,Singh,Male,42,vivaan.singh292@gmail.com,9064842294,Hyderabad,Telangana,1/22/2025,Silver
CUST00293,Ved,Reddy,Male,38,ved.reddy293@gmail.com,9909479851,Hyderabad,Telangana,2/10/2023,Platinum
CUST00294,Ved,Nair,Male,50,ved.nair294@gmail.com,9268861533,Bengaluru,Karnataka,7/8/2023,Platinum
CUST00295,Ved,Joshi,Male,57,ved.joshi295@gmail.com,9878015739,Chennai,Tamil Nadu,10/28/2023,Platinum
CUST00296,Diya,Sharma,Male,42,diya.sharma296@gmail.com,9484085887,Chennai,Tamil Nadu,1/26/2024,Gold
CUST00297,Aarav,Verma,Male,24,aarav.verma297@gmail.com,9288013361,Bengaluru,Karnataka,11/25/2023,Silver
CUST00298,Neha,Kulkarni,Male,19,neha.kulkarni298@gmail.com,9750110248,Pune,Maharashtra,2/3/2025,Silver
CUST00299,Ishaan,Gupta,Female,46,ishaan.gupta299@gmail.com,9665061809,Delhi,Delhi,2/22/2024,Silver
CUST00300,Priya,Das,Male,40,priya.das300@gmail.com,9814491476,Mumbai,Maharashtra,12/18/2024,Gold
CUST00301,Arjun,Sharma,Male,26,arjun.sharma301@gmail.com,9684245088,Jaipur,Rajasthan,6/10/2023,Silver
CUST00302,Vivaan,Sharma,Female,52,vivaan.sharma302@gmail.com,9814353682,Mumbai,Maharashtra,8/9/2024,Silver
CUST00303,Aditya,Gupta,Male,29,aditya.gupta303@gmail.com,9908781414,Delhi,Delhi,7/18/2023,Silver
CUST00304,Diya,Das,Female,26,diya.das304@gmail.com,9314913577,Jaipur,Rajasthan,12/5/2023,Gold
CUST00305,Ishaan,Verma,Female,38,ishaan.verma305@gmail.com,9620533645,Hyderabad,Telangana,8/2/2024,Silver
CUST00306,Meera,Joshi,Female,40,meera.joshi306@gmail.com,9478129142,Jaipur,Rajasthan,4/18/2024,Platinum
CUST00307,Diya,Verma,Male,19,diya.verma307@gmail.com,9809969308,Pune,Maharashtra,1/14/2025,Gold
CUST00308,Neha,Nair,Male,41,neha.nair308@gmail.com,9639427881,Jaipur,Rajasthan,10/31/2024,Gold
CUST00309,Ved,Nair,Male,57,ved.nair309@gmail.com,9282722992,Mumbai,Maharashtra,11/9/2024,Platinum
CUST00310,Rahul,Reddy,Male,49,rahul.reddy310@gmail.com,9314530385,Chennai,Tamil Nadu,2/11/2023,Gold
CUST00311,Karan,Reddy,Female,24,karan.reddy311@gmail.com,9844989266,Mumbai,Maharashtra,2/10/2023,Gold
CUST00312,Ishaan,Patel,Male,51,ishaan.patel312@gmail.com,9655779082,Delhi,Delhi,1/21/2024,Gold
CUST00313,Aditya,Gupta,Female,31,aditya.gupta313@gmail.com,9222591365,Pune,Maharashtra,6/10/2024,Platinum
CUST00314,Vivaan,Reddy,Male,55,vivaan.reddy314@gmail.com,9260302992,Jaipur,Rajasthan,5/5/2024,Silver
CUST00315,Meera,Nair,Male,21,meera.nair315@gmail.com,9242869904,Mumbai,Maharashtra,8/9/2024,Silver
CUST00316,Diya,Reddy,Female,28,diya.reddy316@gmail.com,9369292984,Jaipur,Rajasthan,6/7/2025,Silver
CUST00317,Rahul,Joshi,Male,32,rahul.joshi317@gmail.com,9662103886,Jaipur,Rajasthan,9/2/2024,Silver
CUST00318,Ishaan,Patel,Male,52,ishaan.patel318@gmail.com,9811729806,Hyderabad,Telangana,5/2/2024,Platinum
CUST00319,Riya,Joshi,Female,32,riya.joshi319@gmail.com,9765991624,Mumbai,Maharashtra,12/15/2024,Gold
CUST00320,Priya,Gupta,Female,34,priya.gupta320@gmail.com,9300981806,Pune,Maharashtra,10/18/2023,Platinum
CUST00321,Diya,Joshi,Male,27,diya.joshi321@gmail.com,9694486959,Ahmedabad,Gujarat,1/6/2024,Gold
CUST00322,Meera,Kulkarni,Female,29,meera.kulkarni322@gmail.com,9588744956,Bengaluru,Karnataka,2/28/2024,Platinum
CUST00323,Aditya,Patel,Male,24,aditya.patel323@gmail.com,9386589026,Bengaluru,Karnataka,4/2/2024,Platinum
CUST00324,Aarav,Patel,Female,23,aarav.patel324@gmail.com,9143519066,Hyderabad,Telangana,4/27/2024,Platinum
CUST00325,Meera,Nair,Male,29,meera.nair325@gmail.com,9770384309,Delhi,Delhi,12/29/2024,Platinum
CUST00326,Neha,Gupta,Male,41,neha.gupta326@gmail.com,9302146566,Hyderabad,Telangana,11/21/2024,Platinum
CUST00327,Diya,Nair,Male,23,diya.nair327@gmail.com,9848955439,Mumbai,Maharashtra,1/24/2025,Silver
CUST00328,Karan,Kulkarni,Male,44,karan.kulkarni328@gmail.com,9818184518,Mumbai,Maharashtra,9/25/2023,Gold
CUST00329,Sneha,Nair,Female,42,sneha.nair329@gmail.com,9973577907,Delhi,Delhi,12/11/2024,Silver
CUST00330,Anaya,Patel,Male,61,anaya.patel330@gmail.com,9356588043,Ahmedabad,Gujarat,10/10/2024,Gold
CUST00331,Vivaan,Kulkarni,Male,48,vivaan.kulkarni331@gmail.com,9553942373,Chennai,Tamil Nadu,3/19/2023,Silver
CUST00332,Rahul,Gupta,Male,30,rahul.gupta332@gmail.com,9395211179,Delhi,Delhi,7/31/2023,Silver
CUST00333,Priya,Nair,Female,41,priya.nair333@gmail.com,9957947284,Mumbai,Maharashtra,5/18/2025,Gold
CUST00334,Diya,Das,Female,48,diya.das334@gmail.com,9808562718,Hyderabad,Telangana,2/25/2023,Gold
CUST00335,Ved,Sharma,Male,42,ved.sharma335@gmail.com,9915594284,Mumbai,Maharashtra,11/21/2024,Silver
CUST00336,Anaya,Reddy,Male,49,anaya.reddy336@gmail.com,9636556472,Chennai,Tamil Nadu,1/10/2024,Platinum
CUST00337,Aditya,Das,Male,64,aditya.das337@gmail.com,9438663227,Bengaluru,Karnataka,4/13/2025,Silver
CUST00338,Aditya,Kulkarni,Female,49,aditya.kulkarni338@gmail.com,9448906120,Jaipur,Rajasthan,5/18/2023,Silver
CUST00339,Arjun,Verma,Male,46,arjun.verma339@gmail.com,9545588450,Jaipur,Rajasthan,5/9/2025,Gold
CUST00340,Vivaan,Joshi,Male,36,vivaan.joshi340@gmail.com,9558771694,Bengaluru,Karnataka,8/13/2024,Gold
CUST00341,Meera,Singh,Female,44,meera.singh341@gmail.com,9996112535,Hyderabad,Telangana,10/17/2024,Gold
CUST00342,Meera,Verma,Female,35,meera.verma342@gmail.com,9759876220,Delhi,Delhi,9/11/2024,Silver
CUST00343,Rahul,Gupta,Male,31,rahul.gupta343@gmail.com,9261117800,Delhi,Delhi,1/31/2025,Gold
CUST00344,Neha,Patel,Male,23,neha.patel344@gmail.com,9643347228,Pune,Maharashtra,9/26/2023,Silver
CUST00345,Aarav,Sharma,Female,48,aarav.sharma345@gmail.com,9784872829,Chennai,Tamil Nadu,5/31/2025,Platinum
CUST00346,Karan,Das,Female,40,karan.das346@gmail.com,9783174564,Ahmedabad,Gujarat,6/20/2024,Silver
CUST00347,Anaya,Sharma,Male,40,anaya.sharma347@gmail.com,9478077406,Mumbai,Maharashtra,6/19/2024,Gold
CUST00348,Ishaan,Gupta,Female,30,ishaan.gupta348@gmail.com,9686632663,Mumbai,Maharashtra,7/15/2024,Gold
CUST00349,Vivaan,Kulkarni,Female,36,vivaan.kulkarni349@gmail.com,9846312241,Bengaluru,Karnataka,6/13/2024,Platinum
CUST00350,Karan,Das,Female,30,karan.das350@gmail.com,9502080214,Jaipur,Rajasthan,10/6/2023,Gold
CUST00351,Aditya,Reddy,Male,27,aditya.reddy351@gmail.com,9073564757,Mumbai,Maharashtra,8/27/2023,Platinum
CUST00352,Priya,Sharma,Male,21,priya.sharma352@gmail.com,9461872346,Chennai,Tamil Nadu,3/24/2023,Silver
CUST00353,Vivaan,Gupta,Female,33,vivaan.gupta353@gmail.com,9037183764,Ahmedabad,Gujarat,2/28/2025,Gold
CUST00354,Aditya,Sharma,Female,58,aditya.sharma354@gmail.com,9435031365,Pune,Maharashtra,9/17/2023,Silver
CUST00355,Aditya,Verma,Male,18,aditya.verma355@gmail.com,9097925132,Pune,Maharashtra,2/10/2024,Gold
CUST00356,Vivaan,Das,Male,21,vivaan.das356@gmail.com,9528127358,Chennai,Tamil Nadu,2/16/2025,Platinum
CUST00357,Priya,Joshi,Male,19,priya.joshi357@gmail.com,9652407784,Jaipur,Rajasthan,1/20/2025,Platinum
CUST00358,Rahul,Reddy,Male,52,rahul.reddy358@gmail.com,9557498218,Bengaluru,Karnataka,8/3/2024,Silver
CUST00359,Karan,Verma,Female,47,karan.verma359@gmail.com,9086209593,Delhi,Delhi,7/8/2024,Gold
CUST00360,Rahul,Patel,Female,53,rahul.patel360@gmail.com,9294565118,Ahmedabad,Gujarat,7/14/2023,Platinum
CUST00361,Vivaan,Sharma,Male,30,vivaan.sharma361@gmail.com,9173109678,Hyderabad,Telangana,7/2/2023,Platinum
CUST00362,Rahul,Das,Female,32,rahul.das362@gmail.com,9910371705,Delhi,Delhi,2/20/2023,Platinum
CUST00363,Rahul,Kulkarni,Male,57,rahul.kulkarni363@gmail.com,9480141381,Chennai,Tamil Nadu,3/24/2025,Silver
CUST00364,Rahul,Gupta,Male,51,rahul.gupta364@gmail.com,9392886195,Ahmedabad,Gujarat,7/14/2023,Platinum
CUST00365,Karan,Kulkarni,Male,53,karan.kulkarni365@gmail.com,9685289755,Pune,Maharashtra,6/20/2023,Platinum
CUST00366,Ved,Joshi,Female,64,ved.joshi366@gmail.com,9593983684,Ahmedabad,Gujarat,2/21/2025,Gold
CUST00367,Karan,Reddy,Male,36,karan.reddy367@gmail.com,9908240433,Ahmedabad,Gujarat,1/1/2023,Gold
CUST00368,Aarav,Verma,Male,47,aarav.verma368@gmail.com,9522459334,Hyderabad,Telangana,4/7/2023,Gold
CUST00369,Vivaan,Das,Male,64,vivaan.das369@gmail.com,9157279194,Ahmedabad,Gujarat,8/5/2024,Silver
CUST00370,Rahul,Das,Male,39,rahul.das370@gmail.com,9566139060,Ahmedabad,Gujarat,3/22/2023,Gold
CUST00371,Neha,Sharma,Male,38,neha.sharma371@gmail.com,9832067998,Chennai,Tamil Nadu,7/6/2024,Silver
CUST00372,Diya,Kulkarni,Female,27,diya.kulkarni372@gmail.com,9251790864,Delhi,Delhi,3/16/2025,Silver
CUST00373,Riya,Nair,Male,26,riya.nair373@gmail.com,9783769389,Ahmedabad,Gujarat,3/3/2025,Platinum
CUST00374,Neha,Gupta,Female,45,neha.gupta374@gmail.com,9591166553,Bengaluru,Karnataka,3/15/2023,Gold
CUST00375,Ved,Das,Female,28,ved.das375@gmail.com,9597927033,Mumbai,Maharashtra,2/27/2025,Platinum
CUST00376,Ved,Singh,Male,33,ved.singh376@gmail.com,9924051477,Pune,Maharashtra,4/26/2023,Silver
CUST00377,Ved,Gupta,Female,53,ved.gupta377@gmail.com,9792069804,Bengaluru,Karnataka,7/28/2023,Silver
CUST00378,Aarav,Verma,Female,21,aarav.verma378@gmail.com,9701645104,Bengaluru,Karnataka,3/19/2025,Platinum
CUST00379,Riya,Gupta,Male,38,riya.gupta379@gmail.com,9798123878,Ahmedabad,Gujarat,6/4/2024,Platinum
CUST00380,Aarav,Sharma,Female,39,aarav.sharma380@gmail.com,9762055543,Bengaluru,Karnataka,6/26/2024,Platinum
CUST00381,Anaya,Sharma,Female,19,anaya.sharma381@gmail.com,9843256216,Delhi,Delhi,6/18/2025,Platinum
CUST00382,Meera,Das,Male,54,meera.das382@gmail.com,9264957823,Bengaluru,Karnataka,3/3/2024,Platinum
CUST00383,Aditya,Das,Male,37,aditya.das383@gmail.com,9826292518,Bengaluru,Karnataka,6/2/2025,Platinum
CUST00384,Rahul,Patel,Male,64,rahul.patel384@gmail.com,9056647423,Hyderabad,Telangana,11/22/2023,Silver
CUST00385,Aditya,Singh,Female,56,aditya.singh385@gmail.com,9993933051,Mumbai,Maharashtra,2/19/2025,Platinum
CUST00386,Priya,Reddy,Female,63,priya.reddy386@gmail.com,9526772233,Hyderabad,Telangana,5/29/2024,Silver
CUST00387,Riya,Sharma,Male,65,riya.sharma387@gmail.com,9331279757,Delhi,Delhi,2/27/2024,Silver
CUST00388,Riya,Kulkarni,Female,64,riya.kulkarni388@gmail.com,9569998808,Mumbai,Maharashtra,9/14/2024,Silver
CUST00389,Karan,Reddy,Male,51,karan.reddy389@gmail.com,9860868034,Mumbai,Maharashtra,6/17/2025,Gold
CUST00390,Riya,Verma,Male,45,riya.verma390@gmail.com,9490827718,Delhi,Delhi,4/17/2024,Silver
CUST00391,Aditya,Das,Female,38,aditya.das391@gmail.com,9702793714,Hyderabad,Telangana,2/7/2024,Gold
CUST00392,Rahul,Singh,Male,63,rahul.singh392@gmail.com,9751868926,Pune,Maharashtra,4/4/2023,Platinum
CUST00393,Riya,Sharma,Male,28,riya.sharma393@gmail.com,9220644742,Hyderabad,Telangana,12/10/2023,Silver
CUST00394,Sneha,Singh,Female,18,sneha.singh394@gmail.com,9777809733,Bengaluru,Karnataka,1/4/2023,Platinum
CUST00395,Meera,Reddy,Female,23,meera.reddy395@gmail.com,9990384983,Jaipur,Rajasthan,2/24/2024,Silver
CUST00396,Aditya,Singh,Female,20,aditya.singh396@gmail.com,9209945101,Mumbai,Maharashtra,10/30/2024,Gold
CUST00397,Aditya,Singh,Male,47,aditya.singh397@gmail.com,9950145561,Delhi,Delhi,9/17/2024,Gold
CUST00398,Arjun,Nair,Female,26,arjun.nair398@gmail.com,9145868339,Pune,Maharashtra,10/27/2023,Silver
CUST00399,Vivaan,Das,Female,45,vivaan.das399@gmail.com,9954899529,Pune,Maharashtra,5/10/2024,Platinum
CUST00400,Karan,Nair,Male,57,karan.nair400@gmail.com,9343010713,Jaipur,Rajasthan,5/19/2024,Platinum
CUST00401,Riya,Kulkarni,Female,53,riya.kulkarni401@gmail.com,9303441448,Mumbai,Maharashtra,12/8/2023,Platinum
CUST00402,Ved,Sharma,Female,39,ved.sharma402@gmail.com,9699023557,Pune,Maharashtra,12/3/2024,Gold
CUST00403,Priya,Sharma,Male,58,priya.sharma403@gmail.com,9785760849,Hyderabad,Telangana,5/8/2024,Platinum
CUST00404,Meera,Joshi,Female,40,meera.joshi404@gmail.com,9124056829,Mumbai,Maharashtra,8/2/2023,Platinum
CUST00405,Riya,Singh,Female,63,riya.singh405@gmail.com,9504617357,Pune,Maharashtra,6/4/2025,Gold
CUST00406,Diya,Nair,Male,41,diya.nair406@gmail.com,9031780782,Delhi,Delhi,6/29/2023,Silver
CUST00407,Ved,Reddy,Female,27,ved.reddy407@gmail.com,9182307681,Delhi,Delhi,3/5/2025,Silver
CUST00408,Anaya,Sharma,Female,20,anaya.sharma408@gmail.com,9184094353,Pune,Maharashtra,12/8/2023,Silver
CUST00409,Anaya,Verma,Female,60,anaya.verma409@gmail.com,9142241098,Chennai,Tamil Nadu,3/2/2025,Platinum
CUST00410,Vivaan,Gupta,Female,35,vivaan.gupta410@gmail.com,9249321495,Chennai,Tamil Nadu,7/16/2024,Platinum
CUST00411,Karan,Sharma,Female,61,karan.sharma411@gmail.com,9016016629,Hyderabad,Telangana,1/30/2023,Platinum
CUST00412,Meera,Reddy,Female,30,meera.reddy412@gmail.com,9817921717,Chennai,Tamil Nadu,11/16/2023,Gold
CUST00413,Meera,Reddy,Male,27,meera.reddy413@gmail.com,9945625577,Jaipur,Rajasthan,8/26/2023,Silver
CUST00414,Vivaan,Reddy,Female,47,vivaan.reddy414@gmail.com,9245992816,Pune,Maharashtra,12/26/2023,Platinum
CUST00415,Priya,Patel,Male,37,priya.patel415@gmail.com,9876963938,Chennai,Tamil Nadu,7/23/2024,Silver
CUST00416,Karan,Kulkarni,Male,62,karan.kulkarni416@gmail.com,9966958321,Pune,Maharashtra,12/15/2023,Platinum
CUST00417,Sneha,Das,Female,38,sneha.das417@gmail.com,9817246191,Jaipur,Rajasthan,4/28/2023,Platinum
CUST00418,Arjun,Das,Female,59,arjun.das418@gmail.com,9013290227,Ahmedabad,Gujarat,12/2/2023,Platinum
CUST00419,Anaya,Kulkarni,Male,61,anaya.kulkarni419@gmail.com,9549465190,Jaipur,Rajasthan,7/20/2023,Platinum
CUST00420,Neha,Kulkarni,Female,21,neha.kulkarni420@gmail.com,9580085140,Hyderabad,Telangana,5/22/2025,Silver
CUST00421,Riya,Das,Female,63,riya.das421@gmail.com,9666683272,Ahmedabad,Gujarat,10/2/2024,Silver
CUST00422,Neha,Kulkarni,Female,27,neha.kulkarni422@gmail.com,9422010276,Chennai,Tamil Nadu,5/10/2025,Silver
CUST00423,Vivaan,Singh,Female,62,vivaan.singh423@gmail.com,9969278687,Ahmedabad,Gujarat,5/30/2025,Gold
CUST00424,Ved,Gupta,Male,54,ved.gupta424@gmail.com,9738468950,Hyderabad,Telangana,3/10/2024,Silver
CUST00425,Ishaan,Reddy,Female,62,ishaan.reddy425@gmail.com,9128478189,Chennai,Tamil Nadu,4/26/2023,Silver
CUST00426,Diya,Reddy,Female,57,diya.reddy426@gmail.com,9058077879,Pune,Maharashtra,12/1/2024,Platinum
CUST00427,Ved,Kulkarni,Female,36,ved.kulkarni427@gmail.com,9209494079,Chennai,Tamil Nadu,3/28/2025,Silver
CUST00428,Ishaan,Sharma,Male,36,ishaan.sharma428@gmail.com,9712814429,Delhi,Delhi,4/8/2025,Gold
CUST00429,Anaya,Verma,Male,56,anaya.verma429@gmail.com,9292752437,Mumbai,Maharashtra,1/29/2025,Silver
CUST00430,Priya,Nair,Male,27,priya.nair430@gmail.com,9927663723,Mumbai,Maharashtra,12/18/2023,Platinum
CUST00431,Rahul,Joshi,Female,25,rahul.joshi431@gmail.com,9027674783,Mumbai,Maharashtra,10/19/2024,Gold
CUST00432,Meera,Kulkarni,Male,51,meera.kulkarni432@gmail.com,9604765801,Jaipur,Rajasthan,9/26/2023,Platinum
CUST00433,Meera,Joshi,Female,39,meera.joshi433@gmail.com,9441496739,Ahmedabad,Gujarat,9/17/2024,Silver
CUST00434,Neha,Joshi,Male,61,neha.joshi434@gmail.com,9010618175,Hyderabad,Telangana,11/17/2023,Silver
CUST00435,Rahul,Verma,Male,19,rahul.verma435@gmail.com,9910939111,Delhi,Delhi,7/17/2023,Platinum
CUST00436,Aditya,Kulkarni,Male,34,aditya.kulkarni436@gmail.com,9471746542,Hyderabad,Telangana,4/24/2023,Silver
CUST00437,Anaya,Sharma,Female,21,anaya.sharma437@gmail.com,9442717396,Ahmedabad,Gujarat,2/2/2024,Silver
CUST00438,Meera,Reddy,Female,31,meera.reddy438@gmail.com,9917410119,Pune,Maharashtra,5/28/2023,Platinum
CUST00439,Anaya,Reddy,Male,59,anaya.reddy439@gmail.com,9006425690,Mumbai,Maharashtra,5/24/2024,Platinum
CUST00440,Rahul,Reddy,Female,64,rahul.reddy440@gmail.com,9183067198,Jaipur,Rajasthan,3/22/2024,Gold
CUST00441,Ved,Verma,Male,41,ved.verma441@gmail.com,9851743280,Ahmedabad,Gujarat,2/26/2023,Gold
CUST00442,Meera,Gupta,Female,24,meera.gupta442@gmail.com,9571732030,Delhi,Delhi,12/13/2024,Platinum
CUST00443,Ishaan,Gupta,Male,52,ishaan.gupta443@gmail.com,9478700505,Jaipur,Rajasthan,2/3/2024,Platinum
CUST00444,Aarav,Kulkarni,Female,61,aarav.kulkarni444@gmail.com,9829310270,Pune,Maharashtra,8/5/2023,Gold
CUST00445,Sneha,Das,Male,18,sneha.das445@gmail.com,9204179291,Mumbai,Maharashtra,9/6/2023,Silver
CUST00446,Vivaan,Reddy,Male,45,vivaan.reddy446@gmail.com,9565198253,Bengaluru,Karnataka,3/6/2023,Silver
CUST00447,Ishaan,Singh,Male,35,ishaan.singh447@gmail.com,9262582739,Chennai,Tamil Nadu,3/6/2023,Silver
CUST00448,Aditya,Patel,Male,19,aditya.patel448@gmail.com,9710021946,Ahmedabad,Gujarat,3/7/2025,Platinum
CUST00449,Priya,Reddy,Male,58,priya.reddy449@gmail.com,9487632909,Hyderabad,Telangana,7/31/2023,Silver
CUST00450,Rahul,Reddy,Female,40,rahul.reddy450@gmail.com,9608331819,Pune,Maharashtra,10/4/2024,Gold
CUST00451,Arjun,Nair,Male,35,arjun.nair451@gmail.com,9031277220,Bengaluru,Karnataka,4/20/2024,Silver
CUST00452,Meera,Joshi,Female,34,meera.joshi452@gmail.com,9597010822,Delhi,Delhi,8/3/2023,Silver
CUST00453,Karan,Nair,Male,64,karan.nair453@gmail.com,9799563531,Pune,Maharashtra,3/14/2023,Gold
CUST00454,Diya,Patel,Female,30,diya.patel454@gmail.com,9631797062,Bengaluru,Karnataka,1/25/2025,Silver
CUST00455,Sneha,Das,Female,41,sneha.das455@gmail.com,9273543520,Jaipur,Rajasthan,7/2/2023,Platinum
CUST00456,Ishaan,Sharma,Male,47,ishaan.sharma456@gmail.com,9762534929,Delhi,Delhi,5/20/2023,Silver
CUST00457,Ishaan,Nair,Female,51,ishaan.nair457@gmail.com,9739774063,Bengaluru,Karnataka,3/30/2023,Silver
CUST00458,Ved,Kulkarni,Male,54,ved.kulkarni458@gmail.com,9060078068,Bengaluru,Karnataka,8/28/2024,Gold
CUST00459,Karan,Patel,Male,23,karan.patel459@gmail.com,9806325431,Jaipur,Rajasthan,5/22/2024,Silver
CUST00460,Karan,Verma,Female,54,karan.verma460@gmail.com,9907726257,Hyderabad,Telangana,12/21/2024,Platinum
CUST00461,Meera,Sharma,Female,51,meera.sharma461@gmail.com,9046498931,Pune,Maharashtra,1/30/2024,Platinum
CUST00462,Sneha,Joshi,Female,21,sneha.joshi462@gmail.com,9165790552,Mumbai,Maharashtra,6/11/2024,Platinum
CUST00463,Neha,Patel,Female,33,neha.patel463@gmail.com,9817933554,Bengaluru,Karnataka,5/22/2023,Platinum
CUST00464,Meera,Kulkarni,Male,41,meera.kulkarni464@gmail.com,9577881788,Delhi,Delhi,2/25/2023,Gold
CUST00465,Karan,Das,Male,30,karan.das465@gmail.com,9711624112,Chennai,Tamil Nadu,3/30/2025,Gold
CUST00466,Vivaan,Singh,Male,51,vivaan.singh466@gmail.com,9046827567,Jaipur,Rajasthan,6/4/2023,Platinum
CUST00467,Meera,Sharma,Male,19,meera.sharma467@gmail.com,9385695579,Delhi,Delhi,7/13/2023,Platinum
CUST00468,Rahul,Nair,Female,54,rahul.nair468@gmail.com,9242437540,Jaipur,Rajasthan,4/13/2024,Silver
CUST00469,Ved,Verma,Male,63,ved.verma469@gmail.com,9842222310,Jaipur,Rajasthan,6/20/2023,Gold
CUST00470,Ishaan,Singh,Female,29,ishaan.singh470@gmail.com,9380552578,Jaipur,Rajasthan,9/24/2023,Silver
CUST00471,Neha,Verma,Female,49,neha.verma471@gmail.com,9275208854,Pune,Maharashtra,1/26/2023,Gold
CUST00472,Sneha,Verma,Female,39,sneha.verma472@gmail.com,9170281406,Hyderabad,Telangana,3/29/2025,Platinum
CUST00473,Arjun,Gupta,Male,38,arjun.gupta473@gmail.com,9093983430,Jaipur,Rajasthan,1/1/2024,Silver
CUST00474,Neha,Reddy,Female,30,neha.reddy474@gmail.com,9759980562,Pune,Maharashtra,6/8/2024,Platinum
CUST00475,Arjun,Kulkarni,Female,18,arjun.kulkarni475@gmail.com,9455478137,Chennai,Tamil Nadu,1/31/2024,Platinum
CUST00476,Riya,Reddy,Female,64,riya.reddy476@gmail.com,9629912347,Delhi,Delhi,6/17/2023,Platinum
CUST00477,Ved,Patel,Male,44,ved.patel477@gmail.com,9462879232,Ahmedabad,Gujarat,4/1/2023,Gold
CUST00478,Anaya,Nair,Female,55,anaya.nair478@gmail.com,9478730024,Jaipur,Rajasthan,2/13/2023,Gold
CUST00479,Meera,Reddy,Female,44,meera.reddy479@gmail.com,9273014719,Pune,Maharashtra,10/31/2024,Platinum
CUST00480,Ved,Das,Female,34,ved.das480@gmail.com,9715890429,Jaipur,Rajasthan,8/2/2024,Silver
CUST00481,Aditya,Joshi,Male,40,aditya.joshi481@gmail.com,9204565044,Jaipur,Rajasthan,6/18/2025,Platinum
CUST00482,Meera,Patel,Male,24,meera.patel482@gmail.com,9928554451,Bengaluru,Karnataka,2/23/2025,Platinum
CUST00483,Ishaan,Joshi,Male,51,ishaan.joshi483@gmail.com,9457652132,Hyderabad,Telangana,1/14/2023,Platinum
CUST00484,Diya,Gupta,Female,22,diya.gupta484@gmail.com,9120754527,Pune,Maharashtra,3/3/2024,Platinum
CUST00485,Neha,Joshi,Female,19,neha.joshi485@gmail.com,9132234232,Hyderabad,Telangana,12/27/2024,Silver
CUST00486,Riya,Patel,Female,45,riya.patel486@gmail.com,9031089071,Pune,Maharashtra,1/20/2023,Gold
CUST00487,Aarav,Patel,Male,24,aarav.patel487@gmail.com,9193932501,Delhi,Delhi,11/14/2024,Silver
CUST00488,Arjun,Verma,Male,50,arjun.verma488@gmail.com,9938911908,Chennai,Tamil Nadu,12/27/2023,Silver
CUST00489,Rahul,Gupta,Male,64,rahul.gupta489@gmail.com,9138759271,Delhi,Delhi,6/25/2023,Silver
CUST00490,Arjun,Joshi,Male,50,arjun.joshi490@gmail.com,9361517182,Ahmedabad,Gujarat,3/10/2024,Gold
CUST00491,Priya,Joshi,Male,23,priya.joshi491@gmail.com,9571647947,Delhi,Delhi,7/24/2024,Silver
CUST00492,Neha,Kulkarni,Female,30,neha.kulkarni492@gmail.com,9175207167,Delhi,Delhi,5/25/2025,Platinum
CUST00493,Meera,Patel,Female,43,meera.patel493@gmail.com,9912153539,Pune,Maharashtra,5/27/2023,Gold
CUST00494,Vivaan,Gupta,Female,35,vivaan.gupta494@gmail.com,9994657967,Ahmedabad,Gujarat,1/12/2025,Platinum
CUST00495,Anaya,Singh,Male,34,anaya.singh495@gmail.com,9773201017,Jaipur,Rajasthan,4/21/2023,Platinum
CUST00496,Aarav,Singh,Female,27,aarav.singh496@gmail.com,9499118773,Ahmedabad,Gujarat,9/11/2024,Gold
CUST00497,Meera,Reddy,Female,52,meera.reddy497@gmail.com,9588006167,Jaipur,Rajasthan,5/31/2024,Gold
CUST00498,Arjun,Kulkarni,Male,20,arjun.kulkarni498@gmail.com,9284276246,Jaipur,Rajasthan,4/15/2024,Gold
CUST00499,Priya,Patel,Female,48,priya.patel499@gmail.com,9828064796,Jaipur,Rajasthan,11/6/2024,Platinum
CUST00500,Meera,Joshi,Male,19,meera.joshi500@gmail.com,9902559056,Delhi,Delhi,11/25/2023,Silver
CUST00501,Riya,Joshi,Female,21,riya.joshi501@gmail.com,9333491141,Chennai,Tamil Nadu,2/26/2024,Gold
CUST00502,Aditya,Sharma,Female,60,aditya.sharma502@gmail.com,9698640790,Chennai,Tamil Nadu,2/8/2023,Gold
CUST00503,Riya,Das,Male,49,riya.das503@gmail.com,9135785294,Ahmedabad,Gujarat,11/27/2023,Gold
CUST00504,Riya,Gupta,Male,52,riya.gupta504@gmail.com,9344049639,Jaipur,Rajasthan,10/12/2024,Platinum
CUST00505,Vivaan,Das,Female,35,vivaan.das505@gmail.com,9198763514,Pune,Maharashtra,8/29/2024,Platinum
CUST00506,Priya,Verma,Female,30,priya.verma506@gmail.com,9664987820,Ahmedabad,Gujarat,11/10/2024,Platinum
CUST00507,Rahul,Nair,Female,31,rahul.nair507@gmail.com,9748969083,Hyderabad,Telangana,8/13/2024,Gold
CUST00508,Karan,Singh,Female,45,karan.singh508@gmail.com,9651364424,Bengaluru,Karnataka,6/4/2023,Platinum
CUST00509,Ishaan,Gupta,Male,27,ishaan.gupta509@gmail.com,9303477866,Ahmedabad,Gujarat,9/2/2023,Platinum
CUST00510,Sneha,Sharma,Female,26,sneha.sharma510@gmail.com,9044820700,Bengaluru,Karnataka,6/13/2023,Silver
CUST00511,Ved,Das,Male,44,ved.das511@gmail.com,9516231981,Delhi,Delhi,6/6/2025,Platinum
CUST00512,Meera,Das,Male,33,meera.das512@gmail.com,9915596363,Delhi,Delhi,5/23/2024,Silver
CUST00513,Vivaan,Singh,Female,44,vivaan.singh513@gmail.com,9490785158,Bengaluru,Karnataka,10/9/2023,Gold
CUST00514,Karan,Gupta,Male,41,karan.gupta514@gmail.com,9754090034,Delhi,Delhi,6/19/2025,Platinum
CUST00515,Riya,Verma,Male,52,riya.verma515@gmail.com,9376064413,Chennai,Tamil Nadu,4/11/2025,Gold
CUST00516,Diya,Singh,Female,59,diya.singh516@gmail.com,9604177656,Jaipur,Rajasthan,10/8/2024,Silver
CUST00517,Arjun,Singh,Male,40,arjun.singh517@gmail.com,9698570027,Delhi,Delhi,6/2/2024,Platinum
CUST00518,Aditya,Sharma,Female,38,aditya.sharma518@gmail.com,9911238296,Ahmedabad,Gujarat,7/24/2023,Gold
CUST00519,Karan,Reddy,Male,61,karan.reddy519@gmail.com,9954316526,Hyderabad,Telangana,9/24/2023,Gold
CUST00520,Arjun,Das,Male,53,arjun.das520@gmail.com,9931734206,Bengaluru,Karnataka,1/22/2023,Platinum
CUST00521,Riya,Das,Male,41,riya.das521@gmail.com,9291086771,Delhi,Delhi,6/2/2023,Silver
CUST00522,Rahul,Gupta,Female,36,rahul.gupta522@gmail.com,9762639343,Bengaluru,Karnataka,6/1/2025,Gold
CUST00523,Aditya,Kulkarni,Female,34,aditya.kulkarni523@gmail.com,9397359710,Hyderabad,Telangana,1/30/2023,Gold
CUST00524,Aditya,Joshi,Male,63,aditya.joshi524@gmail.com,9669411800,Ahmedabad,Gujarat,12/4/2024,Gold
CUST00525,Sneha,Gupta,Male,18,sneha.gupta525@gmail.com,9489646528,Jaipur,Rajasthan,12/29/2023,Silver
CUST00526,Ishaan,Singh,Female,39,ishaan.singh526@gmail.com,9721586241,Delhi,Delhi,6/23/2023,Gold
CUST00527,Aarav,Singh,Female,65,aarav.singh527@gmail.com,9564494856,Jaipur,Rajasthan,6/11/2025,Silver
CUST00528,Ved,Reddy,Female,21,ved.reddy528@gmail.com,9320320742,Hyderabad,Telangana,7/23/2024,Platinum
CUST00529,Karan,Kulkarni,Male,46,karan.kulkarni529@gmail.com,9587771215,Pune,Maharashtra,5/21/2024,Silver
CUST00530,Diya,Verma,Male,65,diya.verma530@gmail.com,9849939089,Hyderabad,Telangana,5/4/2025,Silver
CUST00531,Riya,Patel,Female,61,riya.patel531@gmail.com,9150416591,Bengaluru,Karnataka,2/25/2025,Gold
CUST00532,Aditya,Sharma,Female,47,aditya.sharma532@gmail.com,9490509759,Pune,Maharashtra,4/16/2024,Silver
CUST00533,Diya,Sharma,Male,65,diya.sharma533@gmail.com,9189616423,Delhi,Delhi,11/27/2023,Gold
CUST00534,Vivaan,Sharma,Female,43,vivaan.sharma534@gmail.com,9421476492,Bengaluru,Karnataka,6/16/2023,Gold
CUST00535,Meera,Patel,Male,49,meera.patel535@gmail.com,9767499616,Chennai,Tamil Nadu,6/8/2024,Gold
CUST00536,Ishaan,Singh,Female,23,ishaan.singh536@gmail.com,9085732788,Ahmedabad,Gujarat,10/7/2024,Silver
CUST00537,Anaya,Reddy,Female,37,anaya.reddy537@gmail.com,9224386490,Ahmedabad,Gujarat,3/23/2023,Platinum
CUST00538,Vivaan,Sharma,Female,44,vivaan.sharma538@gmail.com,9179454918,Pune,Maharashtra,6/6/2024,Silver
CUST00539,Vivaan,Reddy,Male,43,vivaan.reddy539@gmail.com,9016459779,Hyderabad,Telangana,3/16/2025,Gold
CUST00540,Ved,Singh,Male,65,ved.singh540@gmail.com,9941680061,Bengaluru,Karnataka,7/9/2023,Silver
CUST00541,Aditya,Reddy,Female,60,aditya.reddy541@gmail.com,9974995641,Jaipur,Rajasthan,12/9/2024,Silver
CUST00542,Aditya,Sharma,Male,62,aditya.sharma542@gmail.com,9303723683,Bengaluru,Karnataka,4/25/2023,Silver
CUST00543,Anaya,Reddy,Female,19,anaya.reddy543@gmail.com,9122777079,Hyderabad,Telangana,4/30/2024,Silver
CUST00544,Diya,Verma,Female,18,diya.verma544@gmail.com,9166799840,Ahmedabad,Gujarat,2/22/2023,Gold
CUST00545,Riya,Reddy,Male,51,riya.reddy545@gmail.com,9069581467,Jaipur,Rajasthan,8/26/2023,Silver
CUST00546,Karan,Das,Female,19,karan.das546@gmail.com,9243757383,Chennai,Tamil Nadu,4/4/2024,Platinum
CUST00547,Sneha,Joshi,Female,64,sneha.joshi547@gmail.com,9665729341,Jaipur,Rajasthan,5/15/2023,Platinum
CUST00548,Karan,Singh,Male,56,karan.singh548@gmail.com,9716743380,Hyderabad,Telangana,7/24/2023,Silver
CUST00549,Ved,Verma,Male,29,ved.verma549@gmail.com,9801561931,Chennai,Tamil Nadu,11/24/2024,Platinum
CUST00550,Diya,Reddy,Female,20,diya.reddy550@gmail.com,9842891077,Delhi,Delhi,12/15/2023,Silver
CUST00551,Vivaan,Das,Male,50,vivaan.das551@gmail.com,9121352478,Pune,Maharashtra,4/23/2025,Gold
CUST00552,Rahul,Patel,Female,39,rahul.patel552@gmail.com,9213760375,Hyderabad,Telangana,10/24/2024,Gold
CUST00553,Neha,Singh,Female,63,neha.singh553@gmail.com,9653286326,Pune,Maharashtra,9/30/2023,Gold
CUST00554,Sneha,Kulkarni,Female,19,sneha.kulkarni554@gmail.com,9720811556,Jaipur,Rajasthan,5/22/2025,Silver
CUST00555,Riya,Sharma,Male,60,riya.sharma555@gmail.com,9290846684,Ahmedabad,Gujarat,2/16/2025,Platinum
CUST00556,Rahul,Joshi,Female,51,rahul.joshi556@gmail.com,9926738997,Chennai,Tamil Nadu,1/9/2023,Platinum
CUST00557,Ved,Kulkarni,Male,20,ved.kulkarni557@gmail.com,9856288431,Bengaluru,Karnataka,11/5/2023,Platinum
CUST00558,Neha,Verma,Male,19,neha.verma558@gmail.com,9089434681,Chennai,Tamil Nadu,2/14/2025,Platinum
CUST00559,Aarav,Joshi,Female,25,aarav.joshi559@gmail.com,9017490753,Delhi,Delhi,10/4/2024,Platinum
CUST00560,Ishaan,Das,Female,36,ishaan.das560@gmail.com,9926831589,Bengaluru,Karnataka,12/25/2023,Silver
CUST00561,Arjun,Joshi,Male,63,arjun.joshi561@gmail.com,9661106273,Jaipur,Rajasthan,4/11/2023,Gold
CUST00562,Vivaan,Joshi,Female,34,vivaan.joshi562@gmail.com,9976776228,Ahmedabad,Gujarat,8/25/2024,Silver
CUST00563,Karan,Reddy,Male,62,karan.reddy563@gmail.com,9377028519,Hyderabad,Telangana,12/22/2024,Gold
CUST00564,Vivaan,Patel,Female,20,vivaan.patel564@gmail.com,9821545447,Chennai,Tamil Nadu,8/8/2024,Silver
CUST00565,Priya,Singh,Female,21,priya.singh565@gmail.com,9443270185,Hyderabad,Telangana,3/13/2025,Silver
CUST00566,Arjun,Sharma,Female,54,arjun.sharma566@gmail.com,9756792287,Ahmedabad,Gujarat,5/7/2024,Gold
CUST00567,Meera,Reddy,Female,23,meera.reddy567@gmail.com,9996636580,Hyderabad,Telangana,6/6/2025,Platinum
CUST00568,Sneha,Reddy,Male,28,sneha.reddy568@gmail.com,9094818139,Delhi,Delhi,10/23/2024,Platinum
CUST00569,Ishaan,Sharma,Female,50,ishaan.sharma569@gmail.com,9018204339,Bengaluru,Karnataka,2/7/2025,Gold
CUST00570,Vivaan,Nair,Male,49,vivaan.nair570@gmail.com,9056260856,Chennai,Tamil Nadu,2/16/2024,Gold
CUST00571,Vivaan,Patel,Male,36,vivaan.patel571@gmail.com,9224124620,Pune,Maharashtra,7/8/2024,Platinum
CUST00572,Ved,Singh,Male,37,ved.singh572@gmail.com,9615265461,Mumbai,Maharashtra,12/31/2024,Silver
CUST00573,Diya,Gupta,Female,25,diya.gupta573@gmail.com,9405786170,Bengaluru,Karnataka,5/19/2024,Gold
CUST00574,Meera,Gupta,Male,33,meera.gupta574@gmail.com,9824967183,Mumbai,Maharashtra,10/3/2023,Silver
CUST00575,Ved,Nair,Male,52,ved.nair575@gmail.com,9687007942,Hyderabad,Telangana,3/11/2025,Silver
CUST00576,Aarav,Reddy,Female,61,aarav.reddy576@gmail.com,9653984028,Delhi,Delhi,9/4/2024,Platinum
CUST00577,Vivaan,Verma,Male,26,vivaan.verma577@gmail.com,9846398554,Pune,Maharashtra,2/9/2024,Platinum
CUST00578,Karan,Verma,Female,39,karan.verma578@gmail.com,9379502097,Bengaluru,Karnataka,11/9/2024,Silver
CUST00579,Sneha,Sharma,Female,43,sneha.sharma579@gmail.com,9811807156,Hyderabad,Telangana,2/28/2024,Platinum
CUST00580,Ved,Kulkarni,Male,25,ved.kulkarni580@gmail.com,9753703045,Hyderabad,Telangana,5/9/2025,Silver
CUST00581,Vivaan,Das,Male,32,vivaan.das581@gmail.com,9750479303,Delhi,Delhi,4/7/2025,Platinum
CUST00582,Riya,Patel,Female,28,riya.patel582@gmail.com,9839992192,Delhi,Delhi,8/5/2024,Platinum
CUST00583,Vivaan,Singh,Male,51,vivaan.singh583@gmail.com,9430894870,Delhi,Delhi,8/6/2024,Gold
CUST00584,Meera,Sharma,Female,35,meera.sharma584@gmail.com,9187758030,Chennai,Tamil Nadu,3/18/2024,Gold
CUST00585,Sneha,Kulkarni,Male,43,sneha.kulkarni585@gmail.com,9351903613,Jaipur,Rajasthan,11/20/2023,Silver
CUST00586,Aditya,Joshi,Male,19,aditya.joshi586@gmail.com,9760954317,Delhi,Delhi,3/6/2023,Silver
CUST00587,Ved,Sharma,Male,22,ved.sharma587@gmail.com,9997179110,Chennai,Tamil Nadu,6/16/2024,Silver
CUST00588,Riya,Joshi,Male,21,riya.joshi588@gmail.com,9704961108,Pune,Maharashtra,3/12/2025,Silver
CUST00589,Anaya,Kulkarni,Female,32,anaya.kulkarni589@gmail.com,9990767699,Ahmedabad,Gujarat,4/9/2023,Silver
CUST00590,Ved,Sharma,Female,55,ved.sharma590@gmail.com,9311091939,Jaipur,Rajasthan,6/13/2024,Silver
CUST00591,Meera,Nair,Female,48,meera.nair591@gmail.com,9972320024,Delhi,Delhi,12/30/2023,Platinum
CUST00592,Riya,Nair,Male,27,riya.nair592@gmail.com,9749545089,Chennai,Tamil Nadu,11/15/2023,Platinum
CUST00593,Meera,Singh,Male,45,meera.singh593@gmail.com,9533315377,Mumbai,Maharashtra,9/1/2023,Platinum
CUST00594,Rahul,Joshi,Female,44,rahul.joshi594@gmail.com,9521707303,Chennai,Tamil Nadu,9/22/2024,Platinum
CUST00595,Diya,Reddy,Female,65,diya.reddy595@gmail.com,9563620501,Bengaluru,Karnataka,9/2/2023,Gold
CUST00596,Aarav,Nair,Female,46,aarav.nair596@gmail.com,9395003342,Pune,Maharashtra,5/26/2023,Silver
CUST00597,Sneha,Verma,Male,29,sneha.verma597@gmail.com,9302410261,Hyderabad,Telangana,12/14/2023,Gold
CUST00598,Sneha,Gupta,Male,41,sneha.gupta598@gmail.com,9528961122,Delhi,Delhi,4/12/2024,Silver
CUST00599,Diya,Nair,Female,38,diya.nair599@gmail.com,9963099384,Ahmedabad,Gujarat,12/12/2024,Silver
CUST00600,Ved,Gupta,Female,26,ved.gupta600@gmail.com,9897317912,Mumbai,Maharashtra,10/6/2024,Platinum
CUST00601,Riya,Nair,Female,29,riya.nair601@gmail.com,9558777496,Chennai,Tamil Nadu,5/25/2024,Platinum
CUST00602,Sneha,Das,Male,30,sneha.das602@gmail.com,9736346692,Mumbai,Maharashtra,8/1/2023,Gold
CUST00603,Anaya,Nair,Male,36,anaya.nair603@gmail.com,9785390789,Pune,Maharashtra,5/18/2023,Gold
CUST00604,Riya,Reddy,Female,41,riya.reddy604@gmail.com,9754602734,Jaipur,Rajasthan,3/18/2024,Platinum
CUST00605,Vivaan,Joshi,Male,35,vivaan.joshi605@gmail.com,9311150835,Pune,Maharashtra,10/29/2023,Silver
CUST00606,Meera,Joshi,Female,30,meera.joshi606@gmail.com,9928404456,Delhi,Delhi,11/6/2023,Gold
CUST00607,Arjun,Das,Male,43,arjun.das607@gmail.com,9333738987,Mumbai,Maharashtra,4/28/2024,Platinum
CUST00608,Arjun,Reddy,Male,38,arjun.reddy608@gmail.com,9366377805,Chennai,Tamil Nadu,3/21/2025,Silver
CUST00609,Ishaan,Singh,Male,49,ishaan.singh609@gmail.com,9553666845,Delhi,Delhi,1/25/2025,Platinum
CUST00610,Aarav,Das,Male,39,aarav.das610@gmail.com,9999966361,Mumbai,Maharashtra,5/23/2023,Platinum
CUST00611,Riya,Gupta,Female,54,riya.gupta611@gmail.com,9741218209,Jaipur,Rajasthan,4/22/2023,Gold
CUST00612,Aarav,Singh,Female,36,aarav.singh612@gmail.com,9334817058,Bengaluru,Karnataka,3/13/2023,Silver
CUST00613,Aditya,Joshi,Male,25,aditya.joshi613@gmail.com,9286716323,Ahmedabad,Gujarat,2/5/2024,Gold
CUST00614,Riya,Reddy,Female,55,riya.reddy614@gmail.com,9387430271,Hyderabad,Telangana,9/10/2024,Gold
CUST00615,Ishaan,Gupta,Female,47,ishaan.gupta615@gmail.com,9790147546,Chennai,Tamil Nadu,8/5/2024,Platinum
CUST00616,Arjun,Singh,Male,57,arjun.singh616@gmail.com,9676291603,Ahmedabad,Gujarat,9/13/2023,Silver
CUST00617,Anaya,Nair,Male,62,anaya.nair617@gmail.com,9376815118,Delhi,Delhi,11/13/2024,Gold
CUST00618,Riya,Reddy,Male,50,riya.reddy618@gmail.com,9070176563,Hyderabad,Telangana,9/16/2023,Gold
CUST00619,Aarav,Sharma,Male,38,aarav.sharma619@gmail.com,9777118372,Delhi,Delhi,4/28/2023,Gold
CUST00620,Arjun,Verma,Male,56,arjun.verma620@gmail.com,9124186210,Hyderabad,Telangana,6/24/2023,Platinum
CUST00621,Anaya,Singh,Male,31,anaya.singh621@gmail.com,9083708164,Jaipur,Rajasthan,1/2/2024,Gold
CUST00622,Aarav,Das,Female,30,aarav.das622@gmail.com,9353310600,Mumbai,Maharashtra,2/19/2023,Gold
CUST00623,Arjun,Gupta,Male,60,arjun.gupta623@gmail.com,9220681558,Pune,Maharashtra,8/14/2023,Platinum
CUST00624,Diya,Das,Female,45,diya.das624@gmail.com,9133155206,Bengaluru,Karnataka,7/8/2024,Platinum
CUST00625,Ved,Sharma,Female,32,ved.sharma625@gmail.com,9149501364,Ahmedabad,Gujarat,8/6/2023,Platinum
CUST00626,Karan,Patel,Male,56,karan.patel626@gmail.com,9562525715,Hyderabad,Telangana,9/15/2023,Silver
CUST00627,Ishaan,Das,Male,50,ishaan.das627@gmail.com,9903091436,Jaipur,Rajasthan,1/27/2024,Silver
CUST00628,Ishaan,Patel,Female,49,ishaan.patel628@gmail.com,9432630397,Mumbai,Maharashtra,5/21/2023,Platinum
CUST00629,Sneha,Joshi,Female,59,sneha.joshi629@gmail.com,9086403553,Hyderabad,Telangana,10/12/2023,Silver
CUST00630,Neha,Sharma,Male,56,neha.sharma630@gmail.com,9685270171,Bengaluru,Karnataka,3/31/2025,Silver
CUST00631,Aarav,Singh,Male,29,aarav.singh631@gmail.com,9983381674,Bengaluru,Karnataka,5/9/2023,Silver
CUST00632,Rahul,Gupta,Male,56,rahul.gupta632@gmail.com,9344973471,Bengaluru,Karnataka,3/10/2024,Gold
CUST00633,Riya,Kulkarni,Female,45,riya.kulkarni633@gmail.com,9896270661,Hyderabad,Telangana,4/27/2024,Gold
CUST00634,Ishaan,Nair,Male,34,ishaan.nair634@gmail.com,9674746897,Hyderabad,Telangana,7/20/2024,Silver
CUST00635,Ved,Singh,Male,30,ved.singh635@gmail.com,9008576665,Jaipur,Rajasthan,7/20/2023,Gold
CUST00636,Karan,Verma,Male,25,karan.verma636@gmail.com,9692364587,Pune,Maharashtra,2/23/2024,Platinum
CUST00637,Rahul,Joshi,Female,45,rahul.joshi637@gmail.com,9337050249,Mumbai,Maharashtra,10/28/2024,Gold
CUST00638,Meera,Singh,Male,18,meera.singh638@gmail.com,9116691836,Delhi,Delhi,9/11/2023,Silver
CUST00639,Arjun,Kulkarni,Female,50,arjun.kulkarni639@gmail.com,9869461195,Delhi,Delhi,12/9/2024,Silver
CUST00640,Anaya,Gupta,Female,18,anaya.gupta640@gmail.com,9270116864,Ahmedabad,Gujarat,12/16/2024,Platinum
CUST00641,Riya,Singh,Male,63,riya.singh641@gmail.com,9237281793,Hyderabad,Telangana,1/19/2024,Silver
CUST00642,Diya,Sharma,Male,34,diya.sharma642@gmail.com,9679121416,Hyderabad,Telangana,4/8/2025,Silver
CUST00643,Anaya,Patel,Male,48,anaya.patel643@gmail.com,9710040901,Chennai,Tamil Nadu,1/31/2023,Silver
CUST00644,Neha,Sharma,Female,49,neha.sharma644@gmail.com,9759655553,Ahmedabad,Gujarat,9/9/2024,Gold
CUST00645,Meera,Kulkarni,Male,40,meera.kulkarni645@gmail.com,9510762091,Ahmedabad,Gujarat,9/17/2024,Platinum
CUST00646,Anaya,Gupta,Female,50,anaya.gupta646@gmail.com,9630505057,Chennai,Tamil Nadu,4/7/2024,Silver
CUST00647,Ishaan,Reddy,Male,40,ishaan.reddy647@gmail.com,9671649328,Ahmedabad,Gujarat,1/26/2025,Platinum
CUST00648,Priya,Nair,Female,23,priya.nair648@gmail.com,9487271783,Mumbai,Maharashtra,5/11/2023,Silver
CUST00649,Diya,Singh,Female,63,diya.singh649@gmail.com,9025643471,Pune,Maharashtra,4/19/2023,Platinum
CUST00650,Aditya,Nair,Female,32,aditya.nair650@gmail.com,9991566863,Jaipur,Rajasthan,4/3/2023,Silver
CUST00651,Anaya,Patel,Male,23,anaya.patel651@gmail.com,9593195256,Delhi,Delhi,3/31/2023,Platinum
CUST00652,Rahul,Sharma,Male,42,rahul.sharma652@gmail.com,9655289931,Delhi,Delhi,3/5/2023,Gold
CUST00653,Aarav,Nair,Male,36,aarav.nair653@gmail.com,9377294209,Jaipur,Rajasthan,11/20/2023,Gold
CUST00654,Anaya,Nair,Female,58,anaya.nair654@gmail.com,9374605233,Pune,Maharashtra,10/8/2023,Platinum
CUST00655,Rahul,Sharma,Female,64,rahul.sharma655@gmail.com,9642086567,Hyderabad,Telangana,5/27/2025,Gold
CUST00656,Priya,Kulkarni,Female,36,priya.kulkarni656@gmail.com,9386125904,Ahmedabad,Gujarat,3/15/2023,Gold
CUST00657,Meera,Singh,Female,36,meera.singh657@gmail.com,9233305912,Hyderabad,Telangana,3/28/2024,Gold
CUST00658,Riya,Singh,Female,48,riya.singh658@gmail.com,9201859626,Mumbai,Maharashtra,4/9/2023,Silver
CUST00659,Aarav,Patel,Female,37,aarav.patel659@gmail.com,9926176475,Bengaluru,Karnataka,2/11/2024,Silver
CUST00660,Vivaan,Patel,Female,59,vivaan.patel660@gmail.com,9830999741,Pune,Maharashtra,5/5/2023,Platinum
CUST00661,Aditya,Kulkarni,Female,37,aditya.kulkarni661@gmail.com,9921518260,Jaipur,Rajasthan,10/22/2024,Gold
CUST00662,Neha,Nair,Male,31,neha.nair662@gmail.com,9129208751,Jaipur,Rajasthan,3/7/2023,Silver
CUST00663,Aditya,Das,Male,23,aditya.das663@gmail.com,9840118458,Bengaluru,Karnataka,10/30/2024,Silver
CUST00664,Riya,Sharma,Male,51,riya.sharma664@gmail.com,9487297585,Bengaluru,Karnataka,11/4/2023,Platinum
CUST00665,Neha,Nair,Male,60,neha.nair665@gmail.com,9030324329,Bengaluru,Karnataka,12/5/2024,Platinum
CUST00666,Diya,Das,Male,64,diya.das666@gmail.com,9961844626,Chennai,Tamil Nadu,10/12/2023,Gold
CUST00667,Vivaan,Verma,Male,52,vivaan.verma667@gmail.com,9314359892,Ahmedabad,Gujarat,12/12/2024,Gold
CUST00668,Arjun,Singh,Female,42,arjun.singh668@gmail.com,9093141818,Chennai,Tamil Nadu,3/17/2025,Gold
CUST00669,Vivaan,Joshi,Female,35,vivaan.joshi669@gmail.com,9234016361,Pune,Maharashtra,1/7/2024,Silver
CUST00670,Aditya,Nair,Female,24,aditya.nair670@gmail.com,9859484910,Delhi,Delhi,8/25/2024,Silver
CUST00671,Ved,Kulkarni,Female,48,ved.kulkarni671@gmail.com,9924082226,Hyderabad,Telangana,12/20/2023,Platinum
CUST00672,Rahul,Verma,Female,63,rahul.verma672@gmail.com,9396727578,Mumbai,Maharashtra,1/12/2025,Gold
CUST00673,Anaya,Kulkarni,Male,37,anaya.kulkarni673@gmail.com,9651113129,Bengaluru,Karnataka,11/9/2023,Silver
CUST00674,Vivaan,Verma,Male,45,vivaan.verma674@gmail.com,9827788160,Jaipur,Rajasthan,4/7/2025,Platinum
CUST00675,Diya,Sharma,Female,33,diya.sharma675@gmail.com,9890972832,Ahmedabad,Gujarat,12/20/2024,Silver
CUST00676,Ved,Singh,Female,49,ved.singh676@gmail.com,9625153814,Chennai,Tamil Nadu,2/22/2023,Gold
CUST00677,Karan,Verma,Male,65,karan.verma677@gmail.com,9963480797,Delhi,Delhi,8/7/2023,Silver
CUST00678,Ved,Sharma,Female,40,ved.sharma678@gmail.com,9105265016,Jaipur,Rajasthan,12/3/2023,Gold
CUST00679,Diya,Patel,Male,49,diya.patel679@gmail.com,9024376545,Hyderabad,Telangana,2/25/2024,Gold
CUST00680,Sneha,Singh,Female,60,sneha.singh680@gmail.com,9722560531,Delhi,Delhi,4/22/2023,Silver
CUST00681,Anaya,Sharma,Female,65,anaya.sharma681@gmail.com,9502374167,Hyderabad,Telangana,2/9/2024,Platinum
CUST00682,Karan,Singh,Female,50,karan.singh682@gmail.com,9621102258,Chennai,Tamil Nadu,2/8/2025,Silver
CUST00683,Priya,Gupta,Female,45,priya.gupta683@gmail.com,9906744716,Mumbai,Maharashtra,11/25/2024,Silver
CUST00684,Ishaan,Singh,Female,25,ishaan.singh684@gmail.com,9436371892,Hyderabad,Telangana,9/13/2023,Silver
CUST00685,Arjun,Das,Male,26,arjun.das685@gmail.com,9604326093,Hyderabad,Telangana,8/23/2023,Silver
CUST00686,Arjun,Sharma,Female,62,arjun.sharma686@gmail.com,9335670860,Ahmedabad,Gujarat,2/22/2024,Gold
CUST00687,Vivaan,Verma,Female,63,vivaan.verma687@gmail.com,9635020005,Chennai,Tamil Nadu,10/15/2023,Silver
CUST00688,Anaya,Reddy,Male,45,anaya.reddy688@gmail.com,9247554110,Delhi,Delhi,9/13/2024,Platinum
CUST00689,Neha,Singh,Female,65,neha.singh689@gmail.com,9989534396,Chennai,Tamil Nadu,1/5/2024,Silver
CUST00690,Sneha,Patel,Male,20,sneha.patel690@gmail.com,9933711895,Hyderabad,Telangana,10/6/2024,Gold
CUST00691,Rahul,Reddy,Male,20,rahul.reddy691@gmail.com,9236848557,Bengaluru,Karnataka,6/30/2024,Platinum
CUST00692,Rahul,Patel,Female,44,rahul.patel692@gmail.com,9880294240,Ahmedabad,Gujarat,3/11/2023,Platinum
CUST00693,Aarav,Gupta,Male,28,aarav.gupta693@gmail.com,9786866943,Ahmedabad,Gujarat,5/21/2024,Silver
CUST00694,Aarav,Singh,Male,50,aarav.singh694@gmail.com,9788443448,Bengaluru,Karnataka,8/29/2024,Silver
CUST00695,Aditya,Gupta,Male,36,aditya.gupta695@gmail.com,9024240338,Mumbai,Maharashtra,6/30/2024,Silver
CUST00696,Aarav,Joshi,Male,63,aarav.joshi696@gmail.com,9842694500,Chennai,Tamil Nadu,11/29/2023,Gold
CUST00697,Diya,Verma,Male,52,diya.verma697@gmail.com,9916498373,Hyderabad,Telangana,9/20/2023,Gold
CUST00698,Anaya,Gupta,Female,32,anaya.gupta698@gmail.com,9652717272,Ahmedabad,Gujarat,6/9/2023,Silver
CUST00699,Diya,Das,Male,59,diya.das699@gmail.com,9404226931,Jaipur,Rajasthan,1/16/2025,Silver
CUST00700,Vivaan,Kulkarni,Female,24,vivaan.kulkarni700@gmail.com,9820916601,Bengaluru,Karnataka,4/10/2024,Silver
CUST00701,Priya,Sharma,Male,35,priya.sharma701@gmail.com,9290018513,Hyderabad,Telangana,9/12/2023,Silver
CUST00702,Karan,Das,Male,37,karan.das702@gmail.com,9572308481,Jaipur,Rajasthan,4/15/2025,Silver
CUST00703,Arjun,Sharma,Female,24,arjun.sharma703@gmail.com,9862030366,Pune,Maharashtra,7/11/2024,Silver
CUST00704,Ved,Verma,Female,61,ved.verma704@gmail.com,9172131451,Bengaluru,Karnataka,6/19/2025,Platinum
CUST00705,Ved,Patel,Male,56,ved.patel705@gmail.com,9226859262,Chennai,Tamil Nadu,3/28/2023,Platinum
CUST00706,Meera,Verma,Male,35,meera.verma706@gmail.com,9754102252,Delhi,Delhi,12/23/2023,Gold
CUST00707,Karan,Reddy,Female,64,karan.reddy707@gmail.com,9421522655,Pune,Maharashtra,4/26/2023,Gold
CUST00708,Riya,Reddy,Female,26,riya.reddy708@gmail.com,9366878878,Ahmedabad,Gujarat,9/8/2024,Platinum
CUST00709,Arjun,Gupta,Female,51,arjun.gupta709@gmail.com,9931350305,Ahmedabad,Gujarat,3/27/2023,Platinum
CUST00710,Karan,Singh,Female,41,karan.singh710@gmail.com,9247286333,Pune,Maharashtra,3/3/2023,Silver
CUST00711,Rahul,Singh,Male,42,rahul.singh711@gmail.com,9065019179,Pune,Maharashtra,12/13/2024,Silver
CUST00712,Aarav,Singh,Male,33,aarav.singh712@gmail.com,9109622728,Chennai,Tamil Nadu,5/25/2023,Platinum
CUST00713,Anaya,Reddy,Female,46,anaya.reddy713@gmail.com,9041200928,Ahmedabad,Gujarat,1/9/2025,Silver
CUST00714,Aarav,Kulkarni,Female,53,aarav.kulkarni714@gmail.com,9498436241,Ahmedabad,Gujarat,11/27/2024,Platinum
CUST00715,Riya,Singh,Male,32,riya.singh715@gmail.com,9628917756,Bengaluru,Karnataka,2/15/2024,Gold
CUST00716,Aditya,Sharma,Female,30,aditya.sharma716@gmail.com,9411159503,Chennai,Tamil Nadu,10/24/2024,Gold
CUST00717,Aditya,Nair,Male,56,aditya.nair717@gmail.com,9043830341,Pune,Maharashtra,3/8/2023,Platinum
CUST00718,Ishaan,Sharma,Male,38,ishaan.sharma718@gmail.com,9140546835,Jaipur,Rajasthan,2/16/2023,Gold
CUST00719,Rahul,Joshi,Male,39,rahul.joshi719@gmail.com,9681820967,Hyderabad,Telangana,12/20/2024,Platinum
CUST00720,Arjun,Sharma,Male,61,arjun.sharma720@gmail.com,9711332288,Delhi,Delhi,6/15/2023,Platinum
CUST00721,Ishaan,Nair,Male,39,ishaan.nair721@gmail.com,9459606339,Chennai,Tamil Nadu,4/3/2024,Platinum
CUST00722,Vivaan,Singh,Male,27,vivaan.singh722@gmail.com,9481717524,Jaipur,Rajasthan,4/10/2023,Silver
CUST00723,Vivaan,Verma,Male,22,vivaan.verma723@gmail.com,9274747219,Chennai,Tamil Nadu,12/28/2023,Gold
CUST00724,Aarav,Joshi,Female,57,aarav.joshi724@gmail.com,9275895516,Delhi,Delhi,2/15/2024,Platinum
CUST00725,Karan,Verma,Male,65,karan.verma725@gmail.com,9380214629,Mumbai,Maharashtra,9/27/2024,Gold
CUST00726,Arjun,Patel,Female,60,arjun.patel726@gmail.com,9157787112,Bengaluru,Karnataka,2/2/2024,Platinum
CUST00727,Vivaan,Kulkarni,Female,39,vivaan.kulkarni727@gmail.com,9155973714,Ahmedabad,Gujarat,7/24/2023,Gold
CUST00728,Aarav,Nair,Male,58,aarav.nair728@gmail.com,9359096056,Hyderabad,Telangana,4/26/2024,Gold
CUST00729,Diya,Sharma,Male,61,diya.sharma729@gmail.com,9644212146,Bengaluru,Karnataka,6/7/2025,Silver
CUST00730,Anaya,Reddy,Male,60,anaya.reddy730@gmail.com,9420165423,Ahmedabad,Gujarat,6/21/2024,Gold
CUST00731,Riya,Reddy,Male,62,riya.reddy731@gmail.com,9659608931,Jaipur,Rajasthan,7/2/2024,Platinum
CUST00732,Meera,Das,Female,18,meera.das732@gmail.com,9272751648,Hyderabad,Telangana,11/28/2023,Platinum
CUST00733,Aarav,Reddy,Female,58,aarav.reddy733@gmail.com,9910336829,Hyderabad,Telangana,10/11/2024,Gold
CUST00734,Diya,Joshi,Male,41,diya.joshi734@gmail.com,9504481776,Bengaluru,Karnataka,7/15/2023,Gold
CUST00735,Ved,Joshi,Female,25,ved.joshi735@gmail.com,9276528928,Ahmedabad,Gujarat,6/19/2024,Gold
CUST00736,Riya,Verma,Female,62,riya.verma736@gmail.com,9911110961,Ahmedabad,Gujarat,10/11/2024,Gold
CUST00737,Rahul,Das,Female,50,rahul.das737@gmail.com,9904633786,Pune,Maharashtra,10/10/2024,Silver
CUST00738,Diya,Reddy,Female,44,diya.reddy738@gmail.com,9605384444,Pune,Maharashtra,12/26/2023,Gold
CUST00739,Meera,Gupta,Male,18,meera.gupta739@gmail.com,9025895529,Mumbai,Maharashtra,2/29/2024,Gold
CUST00740,Diya,Nair,Female,21,diya.nair740@gmail.com,9962626582,Ahmedabad,Gujarat,7/17/2023,Gold
CUST00741,Diya,Patel,Male,58,diya.patel741@gmail.com,9964825311,Hyderabad,Telangana,5/31/2024,Silver
CUST00742,Riya,Sharma,Male,54,riya.sharma742@gmail.com,9602752334,Hyderabad,Telangana,1/29/2023,Silver
CUST00743,Neha,Gupta,Female,60,neha.gupta743@gmail.com,9041209117,Ahmedabad,Gujarat,2/27/2025,Platinum
CUST00744,Vivaan,Patel,Female,29,vivaan.patel744@gmail.com,9117536170,Hyderabad,Telangana,10/17/2023,Gold
CUST00745,Vivaan,Reddy,Female,42,vivaan.reddy745@gmail.com,9572240299,Pune,Maharashtra,8/4/2023,Silver
CUST00746,Vivaan,Joshi,Male,28,vivaan.joshi746@gmail.com,9841390808,Chennai,Tamil Nadu,5/10/2024,Platinum
CUST00747,Priya,Singh,Female,25,priya.singh747@gmail.com,9305231244,Bengaluru,Karnataka,6/6/2025,Gold
CUST00748,Diya,Patel,Female,47,diya.patel748@gmail.com,9768634234,Chennai,Tamil Nadu,12/26/2024,Gold
CUST00749,Vivaan,Das,Male,64,vivaan.das749@gmail.com,9767694591,Delhi,Delhi,6/19/2023,Platinum
CUST00750,Riya,Kulkarni,Female,41,riya.kulkarni750@gmail.com,9172084964,Bengaluru,Karnataka,8/3/2024,Platinum
CUST00751,Arjun,Nair,Male,25,arjun.nair751@gmail.com,9256253135,Chennai,Tamil Nadu,2/12/2024,Gold
CUST00752,Aditya,Joshi,Female,62,aditya.joshi752@gmail.com,9053795381,Pune,Maharashtra,1/10/2023,Gold
CUST00753,Anaya,Das,Male,24,anaya.das753@gmail.com,9849196655,Bengaluru,Karnataka,6/23/2024,Silver
CUST00754,Diya,Sharma,Male,35,diya.sharma754@gmail.com,9611729596,Jaipur,Rajasthan,5/25/2024,Silver
CUST00755,Ishaan,Sharma,Male,47,ishaan.sharma755@gmail.com,9426088050,Delhi,Delhi,1/19/2023,Silver
CUST00756,Karan,Patel,Female,35,karan.patel756@gmail.com,9556185790,Ahmedabad,Gujarat,1/10/2025,Gold
CUST00757,Anaya,Reddy,Male,41,anaya.reddy757@gmail.com,9910300215,Jaipur,Rajasthan,5/19/2025,Platinum
CUST00758,Rahul,Kulkarni,Male,30,rahul.kulkarni758@gmail.com,9580040104,Bengaluru,Karnataka,6/24/2023,Silver
CUST00759,Anaya,Joshi,Male,26,anaya.joshi759@gmail.com,9971252967,Ahmedabad,Gujarat,10/4/2023,Platinum
CUST00760,Vivaan,Nair,Female,60,vivaan.nair760@gmail.com,9745731441,Bengaluru,Karnataka,8/14/2024,Gold
CUST00761,Neha,Gupta,Male,22,neha.gupta761@gmail.com,9703037637,Bengaluru,Karnataka,12/12/2024,Silver
CUST00762,Ved,Gupta,Female,63,ved.gupta762@gmail.com,9728123567,Chennai,Tamil Nadu,2/17/2025,Platinum
CUST00763,Neha,Gupta,Male,35,neha.gupta763@gmail.com,9624912711,Ahmedabad,Gujarat,7/12/2023,Silver
CUST00764,Aarav,Reddy,Male,48,aarav.reddy764@gmail.com,9875418156,Hyderabad,Telangana,10/1/2023,Silver
CUST00765,Aditya,Kulkarni,Female,21,aditya.kulkarni765@gmail.com,9745106634,Ahmedabad,Gujarat,6/4/2024,Silver
CUST00766,Riya,Singh,Female,51,riya.singh766@gmail.com,9610313100,Delhi,Delhi,6/26/2024,Platinum
CUST00767,Anaya,Gupta,Male,35,anaya.gupta767@gmail.com,9396661347,Pune,Maharashtra,6/28/2024,Silver
CUST00768,Aditya,Gupta,Female,63,aditya.gupta768@gmail.com,9940128974,Chennai,Tamil Nadu,10/14/2024,Platinum
CUST00769,Diya,Singh,Male,28,diya.singh769@gmail.com,9257207650,Chennai,Tamil Nadu,11/28/2024,Silver
CUST00770,Anaya,Patel,Male,56,anaya.patel770@gmail.com,9579073710,Hyderabad,Telangana,11/26/2024,Silver
CUST00771,Ishaan,Verma,Male,27,ishaan.verma771@gmail.com,9114577584,Bengaluru,Karnataka,6/21/2024,Platinum
CUST00772,Karan,Verma,Male,40,karan.verma772@gmail.com,9458971480,Chennai,Tamil Nadu,4/14/2024,Silver
CUST00773,Riya,Gupta,Female,19,riya.gupta773@gmail.com,9396531361,Hyderabad,Telangana,1/1/2024,Gold
CUST00774,Sneha,Nair,Male,34,sneha.nair774@gmail.com,9556964430,Jaipur,Rajasthan,6/16/2025,Platinum
CUST00775,Neha,Joshi,Female,54,neha.joshi775@gmail.com,9541072728,Pune,Maharashtra,3/19/2024,Gold
CUST00776,Ishaan,Nair,Female,36,ishaan.nair776@gmail.com,9140703491,Hyderabad,Telangana,11/7/2023,Silver
CUST00777,Karan,Verma,Female,60,karan.verma777@gmail.com,9004254882,Mumbai,Maharashtra,3/16/2024,Silver
CUST00778,Rahul,Verma,Male,45,rahul.verma778@gmail.com,9914307536,Hyderabad,Telangana,1/20/2025,Gold
CUST00779,Riya,Patel,Female,29,riya.patel779@gmail.com,9965923426,Delhi,Delhi,11/6/2023,Platinum
CUST00780,Diya,Verma,Female,54,diya.verma780@gmail.com,9782661287,Delhi,Delhi,3/29/2023,Platinum
CUST00781,Ved,Nair,Female,45,ved.nair781@gmail.com,9766708061,Chennai,Tamil Nadu,4/24/2024,Silver
CUST00782,Ishaan,Verma,Female,26,ishaan.verma782@gmail.com,9989406260,Bengaluru,Karnataka,8/17/2024,Gold
CUST00783,Priya,Nair,Male,23,priya.nair783@gmail.com,9041591497,Jaipur,Rajasthan,5/9/2025,Platinum
CUST00784,Ved,Sharma,Male,62,ved.sharma784@gmail.com,9382872324,Pune,Maharashtra,1/28/2025,Platinum
CUST00785,Anaya,Sharma,Male,25,anaya.sharma785@gmail.com,9102918133,Jaipur,Rajasthan,9/30/2024,Silver
CUST00786,Karan,Sharma,Male,25,karan.sharma786@gmail.com,9467238497,Jaipur,Rajasthan,2/5/2024,Platinum
CUST00787,Ishaan,Patel,Male,29,ishaan.patel787@gmail.com,9232883774,Ahmedabad,Gujarat,5/30/2023,Gold
CUST00788,Meera,Patel,Female,43,meera.patel788@gmail.com,9617662047,Jaipur,Rajasthan,1/12/2024,Silver
CUST00789,Ishaan,Kulkarni,Female,20,ishaan.kulkarni789@gmail.com,9970527740,Mumbai,Maharashtra,8/17/2024,Silver
CUST00790,Ved,Nair,Female,50,ved.nair790@gmail.com,9122595724,Bengaluru,Karnataka,12/24/2023,Platinum
CUST00791,Anaya,Kulkarni,Female,42,anaya.kulkarni791@gmail.com,9792988425,Pune,Maharashtra,5/9/2025,Platinum
CUST00792,Ishaan,Joshi,Male,19,ishaan.joshi792@gmail.com,9231177533,Ahmedabad,Gujarat,3/11/2023,Silver
CUST00793,Sneha,Singh,Female,22,sneha.singh793@gmail.com,9094101759,Ahmedabad,Gujarat,2/12/2025,Platinum
CUST00794,Arjun,Sharma,Male,62,arjun.sharma794@gmail.com,9762983347,Hyderabad,Telangana,11/25/2023,Gold
CUST00795,Meera,Verma,Male,45,meera.verma795@gmail.com,9831901302,Bengaluru,Karnataka,7/26/2023,Silver
CUST00796,Ved,Kulkarni,Male,61,ved.kulkarni796@gmail.com,9873397855,Pune,Maharashtra,12/15/2023,Platinum
CUST00797,Sneha,Nair,Male,46,sneha.nair797@gmail.com,9661912841,Hyderabad,Telangana,3/31/2025,Silver
CUST00798,Karan,Gupta,Female,19,karan.gupta798@gmail.com,9344651241,Mumbai,Maharashtra,9/7/2024,Platinum
CUST00799,Ishaan,Gupta,Male,52,ishaan.gupta799@gmail.com,9197400564,Delhi,Delhi,2/13/2024,Silver
CUST00800,Ved,Sharma,Female,60,ved.sharma800@gmail.com,9037199051,Hyderabad,Telangana,7/29/2023,Gold
CUST00801,Ishaan,Das,Female,26,ishaan.das801@gmail.com,9401078356,Pune,Maharashtra,7/18/2024,Gold
CUST00802,Anaya,Gupta,Male,30,anaya.gupta802@gmail.com,9896087066,Mumbai,Maharashtra,2/26/2023,Platinum
CUST00803,Aditya,Kulkarni,Male,25,aditya.kulkarni803@gmail.com,9719553560,Ahmedabad,Gujarat,7/16/2024,Silver
CUST00804,Diya,Patel,Female,65,diya.patel804@gmail.com,9890030102,Mumbai,Maharashtra,8/21/2023,Gold
CUST00805,Aditya,Verma,Female,56,aditya.verma805@gmail.com,9342967111,Mumbai,Maharashtra,11/18/2023,Gold
CUST00806,Neha,Gupta,Female,32,neha.gupta806@gmail.com,9745843845,Jaipur,Rajasthan,12/23/2024,Platinum
CUST00807,Neha,Nair,Female,44,neha.nair807@gmail.com,9974132834,Pune,Maharashtra,2/25/2023,Platinum
CUST00808,Neha,Gupta,Male,20,neha.gupta808@gmail.com,9377107044,Pune,Maharashtra,1/17/2024,Platinum
CUST00809,Riya,Verma,Female,57,riya.verma809@gmail.com,9670667033,Pune,Maharashtra,3/3/2023,Gold
CUST00810,Aditya,Kulkarni,Female,20,aditya.kulkarni810@gmail.com,9850954930,Mumbai,Maharashtra,11/7/2024,Gold
CUST00811,Rahul,Das,Female,64,rahul.das811@gmail.com,9018648769,Ahmedabad,Gujarat,6/5/2025,Platinum
CUST00812,Ishaan,Nair,Female,47,ishaan.nair812@gmail.com,9320441384,Delhi,Delhi,6/16/2023,Gold
CUST00813,Ishaan,Kulkarni,Female,41,ishaan.kulkarni813@gmail.com,9449014954,Mumbai,Maharashtra,9/22/2024,Silver
CUST00814,Karan,Reddy,Male,47,karan.reddy814@gmail.com,9057836091,Mumbai,Maharashtra,3/26/2024,Gold
CUST00815,Sneha,Das,Female,29,sneha.das815@gmail.com,9444723229,Chennai,Tamil Nadu,3/7/2023,Platinum
CUST00816,Aarav,Gupta,Male,29,aarav.gupta816@gmail.com,9879508304,Pune,Maharashtra,11/1/2024,Gold
CUST00817,Aarav,Joshi,Male,40,aarav.joshi817@gmail.com,9118718133,Mumbai,Maharashtra,9/6/2024,Gold
CUST00818,Ishaan,Joshi,Female,36,ishaan.joshi818@gmail.com,9205955657,Ahmedabad,Gujarat,3/15/2023,Gold
CUST00819,Ishaan,Sharma,Male,36,ishaan.sharma819@gmail.com,9290193588,Hyderabad,Telangana,1/13/2024,Platinum
CUST00820,Rahul,Joshi,Male,60,rahul.joshi820@gmail.com,9261139898,Bengaluru,Karnataka,1/23/2024,Platinum
CUST00821,Riya,Nair,Male,56,riya.nair821@gmail.com,9788754394,Pune,Maharashtra,5/17/2025,Silver
CUST00822,Ved,Gupta,Female,38,ved.gupta822@gmail.com,9137651588,Chennai,Tamil Nadu,8/25/2023,Silver
CUST00823,Sneha,Joshi,Male,46,sneha.joshi823@gmail.com,9639283692,Jaipur,Rajasthan,9/11/2024,Platinum
CUST00824,Anaya,Verma,Male,23,anaya.verma824@gmail.com,9668297327,Chennai,Tamil Nadu,11/18/2023,Silver
CUST00825,Aditya,Patel,Female,65,aditya.patel825@gmail.com,9120602128,Ahmedabad,Gujarat,9/27/2023,Platinum
CUST00826,Sneha,Kulkarni,Male,43,sneha.kulkarni826@gmail.com,9834155999,Ahmedabad,Gujarat,12/29/2023,Silver
CUST00827,Rahul,Sharma,Female,46,rahul.sharma827@gmail.com,9676472298,Pune,Maharashtra,1/26/2025,Silver
CUST00828,Aditya,Sharma,Female,42,aditya.sharma828@gmail.com,9572894134,Chennai,Tamil Nadu,11/21/2024,Gold
CUST00829,Ved,Sharma,Female,42,ved.sharma829@gmail.com,9522036849,Ahmedabad,Gujarat,10/20/2023,Platinum
CUST00830,Ved,Patel,Male,25,ved.patel830@gmail.com,9447732449,Chennai,Tamil Nadu,10/19/2023,Silver
CUST00831,Sneha,Gupta,Male,31,sneha.gupta831@gmail.com,9882090883,Delhi,Delhi,5/25/2023,Silver
CUST00832,Karan,Sharma,Female,54,karan.sharma832@gmail.com,9678274117,Chennai,Tamil Nadu,7/28/2023,Gold
CUST00833,Karan,Verma,Male,35,karan.verma833@gmail.com,9151315285,Pune,Maharashtra,6/4/2025,Gold
CUST00834,Karan,Nair,Female,20,karan.nair834@gmail.com,9618538003,Pune,Maharashtra,12/24/2024,Silver
CUST00835,Ishaan,Kulkarni,Male,34,ishaan.kulkarni835@gmail.com,9727274231,Bengaluru,Karnataka,11/20/2024,Platinum
CUST00836,Arjun,Gupta,Male,49,arjun.gupta836@gmail.com,9893206496,Mumbai,Maharashtra,3/20/2024,Platinum
CUST00837,Ishaan,Gupta,Male,37,ishaan.gupta837@gmail.com,9347769587,Chennai,Tamil Nadu,5/10/2024,Gold
CUST00838,Vivaan,Gupta,Female,44,vivaan.gupta838@gmail.com,9753612751,Pune,Maharashtra,2/12/2025,Gold
CUST00839,Rahul,Kulkarni,Female,49,rahul.kulkarni839@gmail.com,9963044836,Hyderabad,Telangana,3/3/2025,Silver
CUST00840,Neha,Joshi,Female,44,neha.joshi840@gmail.com,9676640473,Delhi,Delhi,11/22/2024,Gold
CUST00841,Meera,Sharma,Female,32,meera.sharma841@gmail.com,9928319952,Delhi,Delhi,4/3/2024,Platinum
CUST00842,Neha,Sharma,Female,23,neha.sharma842@gmail.com,9558108358,Mumbai,Maharashtra,4/1/2025,Silver
CUST00843,Aditya,Nair,Male,36,aditya.nair843@gmail.com,9255638300,Ahmedabad,Gujarat,5/30/2025,Silver
CUST00844,Priya,Nair,Female,49,priya.nair844@gmail.com,9024403304,Pune,Maharashtra,5/28/2024,Platinum
CUST00845,Vivaan,Kulkarni,Female,23,vivaan.kulkarni845@gmail.com,9118600892,Ahmedabad,Gujarat,5/15/2023,Silver
CUST00846,Rahul,Das,Female,38,rahul.das846@gmail.com,9680447314,Ahmedabad,Gujarat,7/18/2023,Platinum
CUST00847,Ishaan,Reddy,Female,23,ishaan.reddy847@gmail.com,9368474883,Ahmedabad,Gujarat,10/26/2023,Gold
CUST00848,Aarav,Reddy,Male,46,aarav.reddy848@gmail.com,9390637579,Ahmedabad,Gujarat,1/17/2024,Silver
CUST00849,Meera,Verma,Male,24,meera.verma849@gmail.com,9823793126,Chennai,Tamil Nadu,5/28/2023,Platinum
CUST00850,Arjun,Reddy,Female,34,arjun.reddy850@gmail.com,9645205996,Bengaluru,Karnataka,3/2/2023,Silver
CUST00851,Anaya,Gupta,Female,38,anaya.gupta851@gmail.com,9357788116,Jaipur,Rajasthan,7/12/2024,Platinum
CUST00852,Vivaan,Kulkarni,Male,28,vivaan.kulkarni852@gmail.com,9812371067,Hyderabad,Telangana,2/14/2025,Silver
CUST00853,Meera,Nair,Female,43,meera.nair853@gmail.com,9041644859,Jaipur,Rajasthan,5/24/2023,Gold
CUST00854,Ishaan,Singh,Male,57,ishaan.singh854@gmail.com,9589477352,Hyderabad,Telangana,10/25/2023,Silver
CUST00855,Neha,Reddy,Female,29,neha.reddy855@gmail.com,9271043318,Mumbai,Maharashtra,11/22/2023,Gold
CUST00856,Ved,Patel,Female,56,ved.patel856@gmail.com,9215835034,Mumbai,Maharashtra,10/1/2024,Gold
CUST00857,Arjun,Kulkarni,Female,34,arjun.kulkarni857@gmail.com,9883192134,Delhi,Delhi,1/12/2024,Silver
CUST00858,Anaya,Das,Female,39,anaya.das858@gmail.com,9999497320,Pune,Maharashtra,5/10/2023,Silver
CUST00859,Diya,Patel,Male,48,diya.patel859@gmail.com,9051028767,Hyderabad,Telangana,5/27/2023,Gold
CUST00860,Anaya,Nair,Female,42,anaya.nair860@gmail.com,9675485819,Pune,Maharashtra,9/4/2023,Silver
CUST00861,Aditya,Verma,Female,53,aditya.verma861@gmail.com,9774186520,Hyderabad,Telangana,5/10/2025,Gold
CUST00862,Arjun,Reddy,Female,31,arjun.reddy862@gmail.com,9983652037,Chennai,Tamil Nadu,1/15/2025,Gold
CUST00863,Neha,Gupta,Female,39,neha.gupta863@gmail.com,9154809404,Mumbai,Maharashtra,8/23/2024,Platinum
CUST00864,Karan,Kulkarni,Female,35,karan.kulkarni864@gmail.com,9090797727,Mumbai,Maharashtra,12/13/2024,Platinum
CUST00865,Arjun,Nair,Female,19,arjun.nair865@gmail.com,9922216107,Pune,Maharashtra,2/9/2023,Platinum
CUST00866,Rahul,Sharma,Female,30,rahul.sharma866@gmail.com,9905529580,Chennai,Tamil Nadu,4/10/2023,Platinum
CUST00867,Riya,Kulkarni,Male,50,riya.kulkarni867@gmail.com,9241270493,Mumbai,Maharashtra,3/8/2023,Platinum
CUST00868,Neha,Kulkarni,Male,37,neha.kulkarni868@gmail.com,9485157919,Hyderabad,Telangana,10/12/2024,Gold
CUST00869,Vivaan,Patel,Male,29,vivaan.patel869@gmail.com,9590203571,Pune,Maharashtra,7/6/2023,Platinum
CUST00870,Diya,Verma,Male,37,diya.verma870@gmail.com,9064242956,Bengaluru,Karnataka,2/4/2025,Silver
CUST00871,Arjun,Gupta,Male,36,arjun.gupta871@gmail.com,9474175955,Delhi,Delhi,7/24/2023,Platinum
CUST00872,Neha,Reddy,Female,27,neha.reddy872@gmail.com,9893654358,Hyderabad,Telangana,2/7/2023,Platinum
CUST00873,Arjun,Verma,Male,34,arjun.verma873@gmail.com,9374018272,Pune,Maharashtra,6/9/2024,Gold
CUST00874,Ishaan,Joshi,Female,60,ishaan.joshi874@gmail.com,9905150267,Chennai,Tamil Nadu,7/31/2024,Gold
CUST00875,Ved,Patel,Female,28,ved.patel875@gmail.com,9782079799,Hyderabad,Telangana,1/2/2024,Platinum
CUST00876,Riya,Kulkarni,Male,34,riya.kulkarni876@gmail.com,9595764038,Jaipur,Rajasthan,5/4/2025,Silver
CUST00877,Riya,Kulkarni,Female,55,riya.kulkarni877@gmail.com,9028249839,Delhi,Delhi,8/14/2024,Silver
CUST00878,Aditya,Joshi,Female,27,aditya.joshi878@gmail.com,9576270232,Mumbai,Maharashtra,4/3/2023,Gold
CUST00879,Anaya,Patel,Male,45,anaya.patel879@gmail.com,9132850725,Hyderabad,Telangana,8/30/2023,Silver
CUST00880,Karan,Nair,Male,48,karan.nair880@gmail.com,9673162526,Ahmedabad,Gujarat,12/16/2024,Gold
CUST00881,Sneha,Verma,Female,52,sneha.verma881@gmail.com,9157903923,Ahmedabad,Gujarat,9/3/2024,Gold
CUST00882,Ved,Joshi,Female,22,ved.joshi882@gmail.com,9327303461,Mumbai,Maharashtra,9/17/2024,Gold
CUST00883,Riya,Singh,Female,37,riya.singh883@gmail.com,9670462268,Ahmedabad,Gujarat,6/4/2023,Silver
CUST00884,Karan,Patel,Male,59,karan.patel884@gmail.com,9602529867,Chennai,Tamil Nadu,12/3/2024,Silver
CUST00885,Karan,Kulkarni,Male,37,karan.kulkarni885@gmail.com,9641978575,Ahmedabad,Gujarat,2/28/2025,Platinum
CUST00886,Ved,Patel,Female,61,ved.patel886@gmail.com,9120594389,Hyderabad,Telangana,3/10/2024,Platinum
CUST00887,Arjun,Reddy,Female,36,arjun.reddy887@gmail.com,9017750954,Ahmedabad,Gujarat,2/19/2023,Gold
CUST00888,Ved,Verma,Female,29,ved.verma888@gmail.com,9456075409,Mumbai,Maharashtra,7/9/2024,Silver
CUST00889,Ved,Sharma,Male,23,ved.sharma889@gmail.com,9812276457,Ahmedabad,Gujarat,9/12/2023,Platinum
CUST00890,Ishaan,Gupta,Male,38,ishaan.gupta890@gmail.com,9502916815,Jaipur,Rajasthan,2/11/2023,Platinum
CUST00891,Rahul,Verma,Male,29,rahul.verma891@gmail.com,9416139449,Ahmedabad,Gujarat,2/15/2024,Platinum
CUST00892,Neha,Gupta,Female,31,neha.gupta892@gmail.com,9642480962,Mumbai,Maharashtra,1/19/2024,Platinum
CUST00893,Anaya,Verma,Male,19,anaya.verma893@gmail.com,9624479513,Mumbai,Maharashtra,2/21/2024,Silver
CUST00894,Aarav,Joshi,Female,64,aarav.joshi894@gmail.com,9979695867,Bengaluru,Karnataka,3/7/2023,Platinum
CUST00895,Aarav,Joshi,Female,46,aarav.joshi895@gmail.com,9277382646,Chennai,Tamil Nadu,11/24/2023,Silver
CUST00896,Meera,Das,Female,53,meera.das896@gmail.com,9513854457,Pune,Maharashtra,10/8/2024,Platinum
CUST00897,Karan,Sharma,Male,57,karan.sharma897@gmail.com,9596604873,Hyderabad,Telangana,10/1/2024,Gold
CUST00898,Sneha,Nair,Male,24,sneha.nair898@gmail.com,9633194226,Hyderabad,Telangana,1/23/2024,Platinum
CUST00899,Riya,Joshi,Female,38,riya.joshi899@gmail.com,9515888636,Bengaluru,Karnataka,3/4/2024,Gold
CUST00900,Priya,Reddy,Female,28,priya.reddy900@gmail.com,9264085721,Delhi,Delhi,4/25/2025,Gold
CUST00901,Ishaan,Kulkarni,Male,58,ishaan.kulkarni901@gmail.com,9093299819,Ahmedabad,Gujarat,2/25/2024,Platinum
CUST00902,Rahul,Kulkarni,Male,28,rahul.kulkarni902@gmail.com,9971509688,Mumbai,Maharashtra,11/29/2023,Silver
CUST00903,Arjun,Singh,Male,29,arjun.singh903@gmail.com,9735241039,Jaipur,Rajasthan,1/13/2024,Gold
CUST00904,Karan,Gupta,Male,47,karan.gupta904@gmail.com,9819523710,Jaipur,Rajasthan,9/5/2023,Platinum
CUST00905,Aarav,Kulkarni,Female,22,aarav.kulkarni905@gmail.com,9648198077,Jaipur,Rajasthan,6/1/2025,Platinum
CUST00906,Aarav,Verma,Male,41,aarav.verma906@gmail.com,9687611249,Ahmedabad,Gujarat,4/28/2025,Silver
CUST00907,Rahul,Singh,Female,27,rahul.singh907@gmail.com,9373415177,Chennai,Tamil Nadu,2/27/2024,Silver
CUST00908,Priya,Verma,Female,39,priya.verma908@gmail.com,9749490228,Chennai,Tamil Nadu,10/30/2023,Gold
CUST00909,Aarav,Gupta,Female,63,aarav.gupta909@gmail.com,9442947742,Chennai,Tamil Nadu,7/31/2024,Platinum
CUST00910,Priya,Singh,Female,42,priya.singh910@gmail.com,9430394290,Hyderabad,Telangana,9/14/2024,Gold
CUST00911,Ved,Nair,Male,40,ved.nair911@gmail.com,9298585672,Ahmedabad,Gujarat,5/3/2024,Platinum
CUST00912,Karan,Singh,Male,60,karan.singh912@gmail.com,9153433249,Jaipur,Rajasthan,1/24/2024,Platinum
CUST00913,Priya,Patel,Female,47,priya.patel913@gmail.com,9908335061,Bengaluru,Karnataka,1/1/2024,Gold
CUST00914,Neha,Patel,Male,21,neha.patel914@gmail.com,9798334233,Delhi,Delhi,7/20/2024,Platinum
CUST00915,Rahul,Reddy,Female,53,rahul.reddy915@gmail.com,9413128403,Hyderabad,Telangana,2/11/2023,Silver
CUST00916,Diya,Das,Male,52,diya.das916@gmail.com,9051371717,Jaipur,Rajasthan,4/20/2024,Silver
CUST00917,Vivaan,Nair,Female,37,vivaan.nair917@gmail.com,9909617399,Bengaluru,Karnataka,9/4/2024,Gold
CUST00918,Aarav,Verma,Female,49,aarav.verma918@gmail.com,9258784448,Ahmedabad,Gujarat,9/7/2024,Silver
CUST00919,Ved,Verma,Female,25,ved.verma919@gmail.com,9270587722,Delhi,Delhi,10/2/2024,Silver
CUST00920,Priya,Kulkarni,Female,39,priya.kulkarni920@gmail.com,9823133484,Delhi,Delhi,4/7/2023,Gold
CUST00921,Priya,Nair,Female,57,priya.nair921@gmail.com,9392523622,Jaipur,Rajasthan,4/16/2023,Platinum
CUST00922,Meera,Singh,Female,59,meera.singh922@gmail.com,9964347452,Chennai,Tamil Nadu,6/12/2024,Gold
CUST00923,Ved,Joshi,Female,45,ved.joshi923@gmail.com,9966060652,Chennai,Tamil Nadu,4/5/2024,Gold
CUST00924,Priya,Verma,Male,31,priya.verma924@gmail.com,9445056658,Mumbai,Maharashtra,4/18/2025,Platinum
CUST00925,Rahul,Gupta,Female,35,rahul.gupta925@gmail.com,9113257970,Bengaluru,Karnataka,9/24/2024,Platinum
CUST00926,Riya,Reddy,Female,21,riya.reddy926@gmail.com,9105485741,Bengaluru,Karnataka,10/14/2023,Gold
CUST00927,Aditya,Patel,Female,27,aditya.patel927@gmail.com,9294938173,Chennai,Tamil Nadu,3/4/2025,Gold
CUST00928,Ishaan,Nair,Female,62,ishaan.nair928@gmail.com,9021557325,Delhi,Delhi,7/24/2024,Gold
CUST00929,Diya,Reddy,Male,61,diya.reddy929@gmail.com,9449021666,Chennai,Tamil Nadu,12/8/2023,Gold
CUST00930,Priya,Sharma,Female,19,priya.sharma930@gmail.com,9960858749,Mumbai,Maharashtra,6/8/2024,Gold
CUST00931,Meera,Patel,Male,53,meera.patel931@gmail.com,9182819793,Pune,Maharashtra,8/1/2024,Silver
CUST00932,Priya,Kulkarni,Female,65,priya.kulkarni932@gmail.com,9251295786,Delhi,Delhi,4/21/2024,Silver
CUST00933,Riya,Das,Female,19,riya.das933@gmail.com,9035624395,Delhi,Delhi,1/7/2023,Platinum
CUST00934,Karan,Gupta,Male,30,karan.gupta934@gmail.com,9234210890,Chennai,Tamil Nadu,1/2/2025,Silver
CUST00935,Neha,Joshi,Female,32,neha.joshi935@gmail.com,9334264335,Pune,Maharashtra,12/2/2023,Silver
CUST00936,Aditya,Reddy,Female,19,aditya.reddy936@gmail.com,9736077633,Pune,Maharashtra,5/4/2025,Gold
CUST00937,Ishaan,Patel,Male,28,ishaan.patel937@gmail.com,9317955633,Pune,Maharashtra,6/29/2023,Silver
CUST00938,Priya,Nair,Female,50,priya.nair938@gmail.com,9170066615,Chennai,Tamil Nadu,5/4/2024,Gold
CUST00939,Anaya,Patel,Female,32,anaya.patel939@gmail.com,9167045023,Ahmedabad,Gujarat,5/18/2025,Silver
CUST00940,Ishaan,Sharma,Male,26,ishaan.sharma940@gmail.com,9700934596,Hyderabad,Telangana,6/15/2024,Silver
CUST00941,Riya,Singh,Male,65,riya.singh941@gmail.com,9251207346,Hyderabad,Telangana,6/15/2024,Platinum
CUST00942,Ved,Verma,Male,39,ved.verma942@gmail.com,9070260869,Chennai,Tamil Nadu,1/30/2023,Platinum
CUST00943,Neha,Singh,Male,40,neha.singh943@gmail.com,9316117768,Hyderabad,Telangana,4/13/2023,Gold
CUST00944,Aditya,Das,Female,48,aditya.das944@gmail.com,9425859177,Mumbai,Maharashtra,11/15/2023,Platinum
CUST00945,Arjun,Das,Male,50,arjun.das945@gmail.com,9223116491,Bengaluru,Karnataka,5/9/2023,Silver
CUST00946,Diya,Verma,Female,39,diya.verma946@gmail.com,9798894256,Hyderabad,Telangana,1/17/2025,Gold
CUST00947,Meera,Singh,Female,58,meera.singh947@gmail.com,9032020326,Mumbai,Maharashtra,2/4/2025,Gold
CUST00948,Aarav,Das,Female,30,aarav.das948@gmail.com,9967379487,Jaipur,Rajasthan,5/10/2024,Silver
CUST00949,Rahul,Verma,Male,34,rahul.verma949@gmail.com,9578715841,Chennai,Tamil Nadu,12/12/2023,Gold
CUST00950,Riya,Sharma,Male,47,riya.sharma950@gmail.com,9118425476,Hyderabad,Telangana,4/7/2023,Platinum
CUST00951,Vivaan,Nair,Male,27,vivaan.nair951@gmail.com,9303589298,Hyderabad,Telangana,2/12/2024,Platinum
CUST00952,Aarav,Nair,Male,62,aarav.nair952@gmail.com,9825212932,Chennai,Tamil Nadu,7/6/2024,Platinum
CUST00953,Ishaan,Kulkarni,Male,43,ishaan.kulkarni953@gmail.com,9468677524,Bengaluru,Karnataka,10/13/2023,Silver
CUST00954,Vivaan,Verma,Male,21,vivaan.verma954@gmail.com,9622723626,Delhi,Delhi,8/2/2023,Gold
CUST00955,Ishaan,Gupta,Female,22,ishaan.gupta955@gmail.com,9342619237,Bengaluru,Karnataka,5/4/2025,Silver
CUST00956,Meera,Verma,Male,51,meera.verma956@gmail.com,9481973741,Chennai,Tamil Nadu,1/12/2023,Platinum
CUST00957,Rahul,Das,Male,64,rahul.das957@gmail.com,9540641769,Jaipur,Rajasthan,6/7/2023,Silver
CUST00958,Sneha,Reddy,Male,23,sneha.reddy958@gmail.com,9995376601,Delhi,Delhi,8/19/2023,Gold
CUST00959,Arjun,Verma,Female,44,arjun.verma959@gmail.com,9451017397,Delhi,Delhi,10/17/2024,Silver
CUST00960,Ishaan,Kulkarni,Female,53,ishaan.kulkarni960@gmail.com,9996986091,Delhi,Delhi,4/17/2023,Platinum
CUST00961,Arjun,Patel,Male,41,arjun.patel961@gmail.com,9996605779,Pune,Maharashtra,5/1/2023,Platinum
CUST00962,Aarav,Kulkarni,Male,31,aarav.kulkarni962@gmail.com,9920514607,Ahmedabad,Gujarat,11/16/2024,Gold
CUST00963,Ved,Joshi,Female,46,ved.joshi963@gmail.com,9057423885,Chennai,Tamil Nadu,9/12/2023,Platinum
CUST00964,Riya,Joshi,Female,23,riya.joshi964@gmail.com,9559835411,Hyderabad,Telangana,5/14/2025,Platinum
CUST00965,Riya,Joshi,Male,42,riya.joshi965@gmail.com,9347557522,Jaipur,Rajasthan,10/16/2024,Gold
CUST00966,Aarav,Patel,Female,50,aarav.patel966@gmail.com,9848826913,Bengaluru,Karnataka,8/18/2024,Silver
CUST00967,Vivaan,Das,Female,27,vivaan.das967@gmail.com,9585626149,Ahmedabad,Gujarat,5/22/2025,Platinum
CUST00968,Vivaan,Joshi,Male,33,vivaan.joshi968@gmail.com,9824073333,Bengaluru,Karnataka,3/29/2024,Gold
CUST00969,Meera,Gupta,Female,33,meera.gupta969@gmail.com,9097768893,Hyderabad,Telangana,1/13/2023,Gold
CUST00970,Aditya,Nair,Female,65,aditya.nair970@gmail.com,9454655358,Ahmedabad,Gujarat,10/4/2024,Gold
CUST00971,Vivaan,Singh,Male,52,vivaan.singh971@gmail.com,9921878519,Chennai,Tamil Nadu,5/30/2025,Silver
CUST00972,Rahul,Joshi,Female,54,rahul.joshi972@gmail.com,9079779612,Bengaluru,Karnataka,4/21/2024,Silver
CUST00973,Neha,Reddy,Female,63,neha.reddy973@gmail.com,9215149409,Mumbai,Maharashtra,12/22/2023,Gold
CUST00974,Riya,Singh,Female,37,riya.singh974@gmail.com,9845398628,Ahmedabad,Gujarat,8/9/2023,Platinum
CUST00975,Ishaan,Joshi,Male,63,ishaan.joshi975@gmail.com,9591191862,Mumbai,Maharashtra,9/16/2024,Platinum
CUST00976,Diya,Gupta,Male,19,diya.gupta976@gmail.com,9715116966,Hyderabad,Telangana,5/5/2025,Gold
CUST00977,Rahul,Reddy,Female,29,rahul.reddy977@gmail.com,9145264712,Hyderabad,Telangana,5/17/2025,Gold
CUST00978,Riya,Gupta,Male,39,riya.gupta978@gmail.com,9718409080,Bengaluru,Karnataka,12/26/2023,Platinum
CUST00979,Ved,Patel,Male,18,ved.patel979@gmail.com,9564099512,Hyderabad,Telangana,1/2/2023,Silver
CUST00980,Meera,Das,Male,40,meera.das980@gmail.com,9129592728,Jaipur,Rajasthan,7/6/2023,Silver
CUST00981,Arjun,Reddy,Male,52,arjun.reddy981@gmail.com,9144152982,Mumbai,Maharashtra,9/29/2024,Silver
CUST00982,Karan,Gupta,Female,47,karan.gupta982@gmail.com,9867181535,Hyderabad,Telangana,9/19/2024,Silver
CUST00983,Diya,Reddy,Female,20,diya.reddy983@gmail.com,9507918158,Bengaluru,Karnataka,3/24/2025,Platinum
CUST00984,Ishaan,Nair,Male,36,ishaan.nair984@gmail.com,9527346666,Ahmedabad,Gujarat,2/14/2025,Silver
CUST00985,Karan,Sharma,Female,53,karan.sharma985@gmail.com,9796474080,Jaipur,Rajasthan,4/17/2023,Silver
CUST00986,Vivaan,Verma,Female,65,vivaan.verma986@gmail.com,9080046358,Hyderabad,Telangana,10/18/2024,Silver
CUST00987,Arjun,Kulkarni,Female,61,arjun.kulkarni987@gmail.com,9031723513,Hyderabad,Telangana,6/4/2024,Gold
CUST00988,Diya,Das,Female,31,diya.das988@gmail.com,9140352635,Mumbai,Maharashtra,2/16/2023,Gold
CUST00989,Aarav,Singh,Male,57,aarav.singh989@gmail.com,9469434606,Hyderabad,Telangana,9/5/2024,Gold
CUST00990,Riya,Verma,Female,34,riya.verma990@gmail.com,9906072311,Bengaluru,Karnataka,4/16/2025,Silver
CUST00991,Aditya,Reddy,Female,28,aditya.reddy991@gmail.com,9464844941,Pune,Maharashtra,7/7/2023,Silver
CUST00992,Riya,Gupta,Female,30,riya.gupta992@gmail.com,9280771130,Pune,Maharashtra,7/22/2024,Gold
CUST00993,Aditya,Patel,Female,57,aditya.patel993@gmail.com,9572790833,Pune,Maharashtra,9/5/2023,Platinum
CUST00994,Ved,Sharma,Female,34,ved.sharma994@gmail.com,9257306624,Mumbai,Maharashtra,6/6/2023,Platinum
CUST00995,Vivaan,Gupta,Male,39,vivaan.gupta995@gmail.com,9707139848,Hyderabad,Telangana,10/4/2024,Silver
CUST00996,Aditya,Nair,Male,61,aditya.nair996@gmail.com,9168809255,Chennai,Tamil Nadu,2/28/2023,Silver
CUST00997,Aditya,Patel,Female,18,aditya.patel997@gmail.com,9906913098,Bengaluru,Karnataka,1/7/2023,Silver
CUST00998,Aarav,Reddy,Female,46,aarav.reddy998@gmail.com,9379457727,Ahmedabad,Gujarat,10/17/2023,Platinum
CUST00999,Sneha,Joshi,Female,58,sneha.joshi999@gmail.com,9264250642,Bengaluru,Karnataka,5/28/2023,Silver
CUST01000,Karan,Kulkarni,Male,58,karan.kulkarni1000@gmail.com,9536667776,Bengaluru,Karnataka,2/16/2024,Gold
